year,month,day,jazz,rock,electronic,pop,country,folk,soul,blues,funk,"hip hop"
2015,1,2,277,1036,88,957,90,92,43,88,14,83
2015,1,3,302,1297,76,1157,121,113,37,78,11,113
2015,1,4,194,823,63,752,109,46,24,65,5,62
2015,1,5,291,1227,104,1197,131,97,33,88,13,136
2015,1,6,330,1074,75,1017,157,122,26,82,11,138
2015,1,7,270,1120,88,1102,141,89,27,109,6,112
2015,1,8,271,1005,74,1029,102,97,31,62,10,117
2015,1,9,253,839,52,759,97,45,37,80,10,71
2015,1,10,296,1606,114,1499,145,137,49,76,18,124
2015,1,11,251,964,88,982,103,87,25,56,14,95
2015,1,12,347,1508,118,1470,142,132,33,137,13,171
2015,1,13,271,1243,82,1143,133,71,40,107,17,129
2015,1,14,278,1019,71,856,99,62,15,66,12,87
2015,1,15,295,1126,65,1064,141,79,32,90,6,123
2015,1,16,238,655,46,641,77,72,18,69,10,66
2015,1,17,368,1451,108,1273,147,96,41,103,14,119
2015,1,18,149,464,62,508,51,76,14,43,7,49
2015,1,20,355,1568,92,1400,153,131,30,117,18,177
2015,1,21,226,990,84,954,82,66,49,60,21,124
2015,1,22,231,1030,61,871,90,85,26,72,5,71
2015,1,23,145,713,47,644,85,52,30,50,9,46
2015,1,24,295,1341,88,1114,111,84,32,110,15,103
2015,1,25,145,799,65,743,84,63,19,32,8,104
2015,1,26,252,1259,98,1226,143,101,41,113,12,126
2015,1,27,302,1184,86,1094,116,73,33,49,14,100
2015,1,28,256,1222,68,1175,132,86,40,107,15,111
2015,1,29,232,1108,91,1049,139,87,29,72,13,111
2015,1,30,178,762,61,692,92,47,21,72,15,62
2015,1,31,406,1367,103,1238,149,78,26,102,18,113
2015,2,1,97,421,24,426,49,63,11,33,12,41
2015,2,2,250,1258,90,1128,146,74,24,90,18,143
2015,2,3,252,1135,77,1125,101,93,37,79,27,128
2015,2,4,239,1115,82,992,144,74,19,67,11,116
2015,2,5,204,1153,92,988,136,92,20,62,13,105
2015,2,6,229,744,51,678,85,83,27,71,2,70
2015,2,7,282,1512,106,1380,126,108,29,98,15,131
2015,2,8,147,739,50,734,72,57,23,61,8,98
2015,2,9,290,1213,80,1097,109,98,34,91,11,107
2015,2,10,296,1143,107,1131,117,81,29,73,22,113
2015,2,11,234,1022,63,942,131,65,32,74,26,74
2015,2,12,244,1213,53,1067,143,82,27,68,13,103
2015,2,13,239,800,70,737,86,51,15,81,10,65
2015,2,14,312,1479,110,1348,120,88,34,88,18,141
2015,2,15,218,878,54,827,84,49,16,66,9,79
2015,2,17,351,1451,126,1417,169,98,38,101,21,140
2015,2,18,188,1072,85,1065,170,88,28,74,17,135
2015,2,19,294,990,80,950,92,73,33,92,6,117
2015,2,20,230,693,48,717,86,45,27,55,11,79
2015,2,21,426,1434,90,1313,165,89,49,120,23,145
2015,2,22,201,812,68,845,60,65,26,73,12,101
2015,2,23,305,1387,101,1212,179,63,29,93,22,125
2015,2,24,306,1070,89,1069,110,77,26,64,23,122
2015,2,25,287,1171,94,1172,122,77,31,85,23,136
2015,2,26,298,1259,71,1148,116,87,37,71,15,124
2015,2,27,238,810,50,686,67,48,19,47,10,65
2015,2,28,411,1331,95,1335,157,118,35,121,20,143
2015,3,1,140,864,55,702,89,68,16,38,7,69
2015,3,2,304,1058,75,1027,103,102,24,70,8,160
2015,3,3,309,1156,72,988,110,98,34,80,20,97
2015,3,4,329,1226,77,1112,132,81,29,82,11,131
2015,3,5,291,1096,87,997,90,95,33,77,20,103
2015,3,6,173,673,53,661,62,77,26,58,15,92
2015,3,7,334,1409,115,1286,112,75,31,65,14,149
2015,3,8,195,738,51,764,76,56,26,52,11,80
2015,3,9,321,1179,114,1156,127,61,25,63,19,149
2015,3,10,258,1140,90,1027,80,93,25,91,20,107
2015,3,11,268,955,49,877,95,63,28,73,15,123
2015,3,12,228,1080,93,946,122,67,31,86,12,121
2015,3,13,152,690,45,648,68,54,30,62,9,68
2015,3,14,294,1184,96,1223,121,88,25,73,24,142
2015,3,15,230,713,36,663,57,51,18,80,13,72
2015,3,16,324,1265,92,1208,141,115,27,111,16,132
2015,3,17,275,898,80,858,116,75,22,54,14,103
2015,3,18,233,1080,66,941,96,68,26,84,19,90
2015,3,19,257,921,79,980,119,75,25,92,7,101
2015,3,20,252,736,50,716,76,68,21,65,10,64
2015,3,21,345,1199,97,1242,138,110,35,100,18,154
2015,3,22,258,795,53,762,78,64,28,56,13,88
2015,3,23,333,1279,84,1096,123,102,20,89,14,111
2015,3,24,278,1006,89,1018,105,65,32,89,19,106
2015,3,25,216,1111,88,1040,100,71,41,74,17,86
2015,3,26,296,1200,71,1118,138,87,28,69,11,114
2015,3,27,220,718,41,673,79,49,15,53,4,68
2015,3,28,304,1376,75,1225,144,98,30,87,23,145
2015,3,29,205,733,56,713,64,60,12,52,10,86
2015,3,30,268,1268,67,1074,109,76,31,83,20,96
2015,3,31,301,919,61,950,79,85,25,65,14,126
2015,4,1,268,1030,104,877,107,85,22,88,7,82
2015,4,2,262,953,64,938,82,73,35,76,12,121
2015,4,3,159,704,42,577,96,58,20,82,9,40
2015,4,4,254,1498,103,1291,118,84,36,102,10,109
2015,4,5,128,565,69,524,68,33,20,35,10,46
2015,4,6,259,1175,95,1133,107,73,26,105,18,134
2015,4,7,251,1014,90,1053,116,67,24,47,17,117
2015,4,8,268,1061,75,962,124,107,34,70,14,105
2015,4,9,235,1027,73,985,79,75,32,80,14,118
2015,4,10,217,725,71,706,63,56,23,61,15,77
2015,4,11,429,1390,89,1256,122,110,30,82,12,129
2015,4,12,169,694,51,619,69,34,21,53,8,54
2015,4,13,245,1084,80,1036,125,93,30,79,17,134
2015,4,14,245,1075,55,1026,112,65,24,97,17,129
2015,4,15,266,1013,101,1019,94,72,24,91,11,102
2015,4,16,278,942,96,899,64,82,19,58,9,87
2015,4,17,148,619,44,605,83,55,20,57,9,65
2015,4,18,348,1021,51,1021,110,100,34,106,13,99
2015,4,19,205,565,41,639,66,45,16,49,11,59
2015,4,20,274,1231,103,1275,124,97,35,101,13,148
2015,4,21,242,1079,85,946,112,62,31,67,24,102
2015,4,22,211,965,66,939,66,61,15,73,9,112
2015,4,23,162,886,72,835,73,73,21,90,15,79
2015,4,24,282,727,52,674,59,65,20,36,8,62
2015,4,25,320,1234,70,1077,141,95,33,95,20,116
2015,4,26,229,752,59,671,74,59,18,64,7,76
2015,4,27,305,1153,89,1132,120,133,18,106,9,130
2015,4,28,260,1072,88,970,113,84,40,74,14,97
2015,4,29,266,1097,115,1109,120,69,27,95,14,139
2015,4,30,235,991,74,908,109,90,20,79,14,95
2015,5,1,170,657,32,544,69,58,10,41,7,55
2015,5,2,304,1183,77,1101,142,68,22,102,10,117
2015,5,3,177,642,31,610,50,52,27,57,11,81
2015,5,4,250,1096,57,1021,129,93,27,82,10,108
2015,5,5,190,1026,76,900,125,77,24,61,12,121
2015,5,6,253,978,95,1044,79,53,31,71,17,118
2015,5,7,239,1050,66,1017,157,76,31,72,20,97
2015,5,8,118,574,45,663,60,44,22,49,14,76
2015,5,9,294,1091,100,1026,109,64,23,90,7,89
2015,5,10,149,608,57,654,67,60,14,51,12,72
2015,5,11,247,1138,101,1143,173,108,33,86,13,130
2015,5,12,231,963,75,882,104,62,25,53,8,83
2015,5,13,189,922,59,838,84,66,25,55,10,68
2015,5,14,284,1014,58,946,95,62,25,77,11,102
2015,5,15,140,699,41,595,54,34,15,49,8,65
2015,5,16,308,1300,82,1202,172,84,34,100,14,132
2015,5,17,124,782,64,728,127,62,20,88,10,64
2015,5,18,305,1228,94,1079,114,69,30,99,15,94
2015,5,19,232,977,82,1017,119,74,18,80,11,86
2015,5,20,222,998,67,962,138,85,24,80,15,86
2015,5,21,254,1156,68,993,136,83,21,96,14,132
2015,5,22,189,722,37,720,107,50,28,73,9,68
2015,5,23,282,1159,95,1005,162,67,26,77,17,79
2015,5,24,182,777,65,755,63,57,24,78,12,87
2015,5,26,364,1339,106,1340,148,121,28,118,14,146
2015,5,27,228,990,59,977,95,60,32,70,15,93
2015,5,28,178,917,83,837,87,54,33,74,11,132
2015,5,29,149,690,36,535,46,51,20,60,7,53
2015,5,30,291,1146,87,961,101,74,33,107,8,98
2015,5,31,151,645,42,562,52,37,11,37,10,53
2015,6,1,208,955,81,875,125,84,18,97,5,91
2015,6,2,247,1112,74,1105,103,71,32,104,17,142
2015,6,3,271,1083,69,1108,103,63,42,106,19,103
2015,6,4,177,928,65,910,80,68,19,63,10,119
2015,6,5,116,708,35,648,59,85,18,59,7,67
2015,6,6,255,1258,88,1049,158,82,29,96,9,72
2015,6,7,194,691,56,651,60,35,21,48,11,67
2015,6,8,321,1108,89,1071,120,110,25,104,22,117
2015,6,9,199,995,67,936,80,62,23,65,11,106
2015,6,10,198,1016,72,908,95,62,23,59,3,71
2015,6,11,152,915,72,890,83,59,19,55,14,119
2015,6,12,161,686,41,608,90,56,17,47,11,75
2015,6,13,228,1258,84,1098,99,99,29,108,12,112
2015,6,14,155,689,46,724,86,60,25,57,8,58
2015,6,15,271,1170,70,1067,130,80,23,96,17,91
2015,6,16,233,1054,86,948,112,78,25,83,12,103
2015,6,17,215,811,59,813,100,86,30,63,7,88
2015,6,18,279,976,81,834,127,66,20,90,8,94
2015,6,19,140,705,58,702,81,58,19,57,7,77
2015,6,20,259,1082,71,871,94,59,23,77,10,87
2015,6,21,139,836,45,676,82,48,11,42,10,57
2015,6,22,200,1204,97,1245,116,99,35,78,16,150
2015,6,23,253,1160,97,1178,87,76,50,91,17,120
2015,6,24,211,962,76,928,101,67,22,78,11,90
2015,6,25,182,1058,78,848,113,50,34,93,15,96
2015,6,26,139,634,58,645,72,69,23,81,8,59
2015,6,27,164,1005,59,739,99,99,13,57,6,48
2015,6,28,184,633,54,582,69,44,17,37,9,69
2015,6,29,261,1238,121,1133,114,89,39,103,15,135
2015,6,30,198,925,69,886,113,80,19,77,9,91
2015,7,1,182,992,55,910,94,66,27,55,9,87
2015,7,2,319,976,70,884,98,61,18,76,9,103
2015,7,3,250,682,53,634,104,59,16,59,8,45
2015,7,5,185,809,38,687,96,58,18,64,13,49
2015,7,6,290,1303,101,1168,144,69,42,110,11,110
2015,7,7,277,1102,78,988,106,44,37,73,13,115
2015,7,8,211,1047,95,922,94,71,31,96,19,108
2015,7,9,172,988,62,815,115,48,21,74,14,84
2015,7,10,235,703,41,689,74,53,19,64,10,79
2015,7,11,218,1141,67,925,93,90,26,83,14,92
2015,7,12,198,697,38,645,68,67,14,57,8,60
2015,7,13,198,1266,124,1226,132,88,42,111,15,139
2015,7,14,191,1055,80,947,85,54,21,76,10,105
2015,7,15,214,970,101,975,128,102,30,73,10,119
2015,7,16,239,920,49,876,119,79,20,65,7,78
2015,7,17,237,628,39,592,91,45,20,64,7,71
2015,7,18,255,1052,98,947,124,58,13,69,15,84
2015,7,19,164,612,38,640,92,50,15,49,4,96
2015,7,20,219,1151,78,1038,117,101,30,98,13,118
2015,7,21,266,831,80,810,84,91,15,58,4,88
2015,7,22,208,890,68,799,93,88,26,62,13,64
2015,7,23,255,999,77,919,107,46,31,97,13,101
2015,7,24,164,818,79,752,96,66,19,63,12,68
2015,7,25,264,1111,89,993,116,111,40,67,15,112
2015,7,26,120,729,66,659,89,45,13,43,11,75
2015,7,27,215,1254,99,1113,139,110,28,80,18,112
2015,7,28,280,975,62,817,101,75,23,78,11,120
2015,7,29,251,1122,85,931,79,47,22,78,8,99
2015,7,30,247,1013,60,903,116,46,29,91,23,83
2015,7,31,156,637,40,541,46,31,10,64,4,70
2015,8,1,169,978,67,835,71,78,23,58,14,80
2015,8,2,99,635,38,563,74,36,18,53,11,53
2015,8,3,268,1279,78,1139,143,93,43,87,11,127
2015,8,4,252,911,90,861,106,55,32,74,8,89
2015,8,5,248,908,93,872,137,84,14,69,10,87
2015,8,6,215,999,72,895,140,83,35,65,9,90
2015,8,7,171,531,65,504,58,68,17,67,5,58
2015,8,8,197,993,52,890,117,74,34,95,13,72
2015,8,9,111,736,53,609,83,32,13,54,7,66
2015,8,10,255,1107,96,1057,152,94,32,82,9,137
2015,8,11,226,991,55,835,142,91,17,90,7,98
2015,8,12,179,721,58,739,67,53,34,53,9,111
2015,8,13,232,912,75,928,139,63,33,81,16,110
2015,8,14,138,610,59,554,61,37,18,29,6,50
2015,8,15,307,1010,69,973,115,67,38,82,15,107
2015,8,16,179,671,50,616,93,31,21,45,15,60
2015,8,17,262,1228,94,1113,181,103,30,94,13,77
2015,8,18,197,929,61,940,123,58,40,76,19,97
2015,8,19,183,984,89,875,105,64,23,53,2,85
2015,8,20,257,992,51,857,133,69,25,78,17,80
2015,8,21,216,587,44,646,80,63,24,65,11,79
2015,8,22,208,949,64,894,133,54,31,90,20,110
2015,8,23,254,671,48,608,95,64,28,57,8,80
2015,8,24,347,1226,75,1094,138,94,30,86,12,121
2015,8,25,203,1058,64,974,110,79,33,78,17,133
2015,8,26,125,873,68,806,100,46,39,52,29,118
2015,8,27,189,769,72,777,98,83,18,77,7,97
2015,8,28,212,803,38,651,65,50,27,55,14,65
2015,8,29,218,1003,68,891,118,70,23,77,10,63
2015,8,30,161,701,54,655,62,41,28,53,6,66
2015,8,31,296,1108,63,931,131,97,32,83,12,97
2015,9,1,164,1105,83,1036,100,55,35,79,12,91
2015,9,2,222,1040,95,925,130,65,31,97,11,78
2015,9,3,261,916,53,851,130,69,32,110,18,90
2015,9,4,174,722,39,700,85,69,20,56,10,75
2015,9,5,252,1205,84,1012,125,55,26,60,13,114
2015,9,6,196,657,46,613,77,71,20,70,9,46
2015,9,8,273,1384,99,1251,147,94,35,119,18,133
2015,9,9,276,1022,86,963,105,63,31,88,14,67
2015,9,10,207,1002,56,1003,130,94,40,51,15,129
2015,9,11,136,620,39,551,56,55,18,42,7,45
2015,9,12,189,884,71,821,110,80,24,76,6,92
2015,9,13,146,674,39,531,77,41,23,55,10,42
2015,9,14,198,1167,63,971,135,80,22,73,12,104
2015,9,15,294,1202,72,1002,129,83,30,87,16,108
2015,9,16,202,939,74,799,94,49,29,64,10,70
2015,9,17,232,972,76,795,88,42,31,62,9,73
2015,9,18,123,871,52,755,101,75,23,71,9,79
2015,9,19,275,1378,88,1148,129,89,34,85,20,109
2015,9,20,149,674,35,655,78,49,27,60,11,48
2015,9,21,270,1122,69,1070,133,103,34,72,14,116
2015,9,22,263,920,84,909,103,52,32,65,12,106
2015,9,23,250,921,57,870,131,72,28,76,12,77
2015,9,24,222,1033,73,811,119,65,18,95,11,60
2015,9,25,184,754,48,663,82,51,17,49,9,51
2015,9,26,343,1202,61,1048,136,95,42,103,11,82
2015,9,27,138,716,53,588,86,32,20,46,9,47
2015,9,28,239,1276,87,1167,124,68,45,96,20,100
2015,9,29,309,1012,94,930,117,73,13,73,9,93
2015,9,30,246,1006,68,871,111,74,21,79,8,86
2015,10,1,342,999,60,810,100,83,35,78,18,71
2015,10,2,200,793,53,627,107,43,18,33,9,65
2015,10,3,265,1135,73,1044,130,103,30,66,12,77
2015,10,4,145,566,52,507,81,42,19,48,6,63
2015,10,5,309,1058,74,891,93,68,30,64,18,67
2015,10,6,203,1025,76,886,106,79,30,88,13,97
2015,10,7,160,810,65,731,93,62,19,37,11,79
2015,10,8,186,894,83,835,115,69,19,59,8,78
2015,10,9,140,705,40,637,66,57,14,73,6,64
2015,10,10,235,996,90,906,95,97,33,76,12,84
2015,10,11,166,722,45,648,44,33,23,43,15,51
2015,10,12,222,1220,74,848,130,52,21,52,13,85
2015,10,13,291,871,50,827,72,71,25,86,14,95
2015,10,14,216,1080,73,885,85,49,32,68,13,79
2015,10,15,309,1026,92,913,120,57,23,44,17,73
2015,10,16,138,721,40,563,84,47,14,52,8,45
2015,10,17,290,1116,72,1020,141,52,36,67,21,72
2015,10,18,180,570,45,550,50,47,10,65,3,78
2015,10,19,233,1195,104,1055,161,79,24,70,15,101
2015,10,20,232,1134,60,908,123,67,34,100,10,79
2015,10,21,234,900,73,873,80,111,29,68,13,56
2015,10,22,240,1032,64,891,81,72,28,67,20,82
2015,10,23,178,670,56,607,64,46,24,49,7,75
2015,10,24,277,1182,80,1098,131,87,39,96,7,72
2015,10,25,106,670,40,613,73,46,25,79,9,38
2015,10,26,269,1303,90,1046,147,73,33,81,12,99
2015,10,27,231,1035,62,868,128,67,22,38,11,71
2015,10,28,245,894,69,754,110,42,31,67,4,59
2015,10,29,226,921,63,881,115,93,28,81,18,113
2015,10,30,117,676,47,603,95,41,16,38,7,66
2015,10,31,199,1025,66,898,102,69,31,94,12,81
2015,11,1,107,557,51,491,64,48,11,44,7,53
2015,11,2,300,1044,101,966,101,76,41,97,32,100
2015,11,3,273,885,68,705,95,62,22,67,17,85
2015,11,4,257,1058,81,919,152,75,25,94,14,77
2015,11,5,262,938,49,868,126,75,22,71,10,81
2015,11,6,211,692,51,641,89,63,14,43,3,78
2015,11,7,237,1125,109,1044,186,87,36,101,17,89
2015,11,8,182,594,44,573,74,41,9,41,6,29
2015,11,9,273,1104,61,931,145,85,27,66,12,103
2015,11,10,338,1137,81,991,146,89,33,89,26,80
2015,11,12,312,1107,89,997,115,83,34,94,20,103
2015,11,13,227,850,54,733,101,44,19,71,9,75
2015,11,14,322,1077,79,1063,124,70,27,77,16,103
2015,11,15,202,819,72,725,109,64,27,73,8,52
2015,11,16,253,1000,71,859,128,89,29,80,15,64
2015,11,17,307,909,67,880,106,62,20,88,18,94
2015,11,18,298,1119,65,1016,115,57,29,83,21,100
2015,11,19,256,1066,104,1004,133,80,34,63,12,87
2015,11,20,220,687,49,684,104,40,28,69,12,50
2015,11,21,264,1201,94,1019,140,59,20,77,12,95
2015,11,22,164,646,49,709,89,53,18,54,5,77
2015,11,23,230,1086,76,924,109,54,27,79,14,72
2015,11,24,250,1007,69,831,111,63,20,109,10,55
2015,11,25,348,1207,102,1073,122,84,29,116,11,111
2015,11,27,130,624,32,543,49,45,19,65,6,55
2015,11,28,279,1060,79,907,99,83,39,70,12,83
2015,11,29,223,613,36,509,66,48,12,43,6,52
2015,11,30,337,1196,89,985,153,91,35,76,18,83
2015,12,1,232,1028,63,959,120,81,30,80,15,92
2015,12,2,215,889,72,870,127,67,24,44,11,97
2015,12,3,259,949,71,881,91,83,20,67,16,75
2015,12,4,179,843,49,745,101,51,32,66,11,59
2015,12,5,299,1046,80,925,87,78,28,103,17,94
2015,12,6,167,593,50,605,46,71,23,65,13,50
2015,12,7,275,1097,98,950,133,78,37,87,21,112
2015,12,8,237,825,69,739,86,71,24,62,6,68
2015,12,9,214,869,60,746,88,85,18,62,15,80
2015,12,10,155,671,52,665,106,52,18,43,16,64
2015,12,11,194,663,44,578,100,52,16,47,4,34
2015,12,12,250,1076,68,995,117,74,24,69,10,107
2015,12,13,245,630,45,623,90,46,21,41,6,67
2015,12,14,230,1261,94,1074,119,74,36,91,14,99
2015,12,15,290,863,54,807,91,77,39,111,11,95
2015,12,16,191,929,70,808,107,81,16,74,16,63
2015,12,17,255,905,66,801,107,46,31,74,21,86
2015,12,18,211,686,41,640,89,48,32,45,5,59
2015,12,19,293,1122,82,1026,143,69,39,104,22,103
2015,12,20,124,540,80,601,46,52,16,55,17,45
2015,12,21,295,1229,99,1010,82,96,33,80,11,95
2015,12,22,262,1120,112,1020,129,85,34,80,16,102
2015,12,23,363,1149,81,1091,115,85,25,67,15,100
2015,12,26,180,778,61,717,95,39,16,49,10,76
2015,12,27,207,490,43,442,50,62,9,38,13,36
2015,12,28,171,989,104,939,133,52,31,71,3,111
2015,12,29,268,1039,71,865,114,95,19,93,14,70
2015,12,30,280,1172,91,1012,109,92,23,69,11,107
2015,12,31,166,904,59,857,107,113,27,51,9,77
2016,1,2,327,1143,84,1058,129,84,33,77,18,106
2016,1,3,103,631,36,557,45,57,21,29,5,30
2016,1,4,434,1279,125,1270,161,87,39,100,14,159
2016,1,5,255,1015,87,802,84,61,41,73,15,86
2016,1,6,271,1183,89,1100,87,118,32,91,12,96
2016,1,7,248,1085,108,970,127,74,25,86,22,71
2016,1,8,145,783,44,674,96,66,19,51,9,61
2016,1,9,326,1287,109,1322,146,77,37,86,18,139
2016,1,10,200,735,77,702,59,37,17,45,10,92
2016,1,11,236,1130,76,1030,114,67,37,67,10,136
2016,1,12,338,1020,85,962,103,63,29,72,3,103
2016,1,13,201,972,95,919,97,71,25,69,12,92
2016,1,14,285,858,80,895,92,57,19,59,15,98
2016,1,15,249,775,67,686,81,59,19,59,8,53
2016,1,16,291,1264,81,1022,126,99,25,79,14,91
2016,1,17,163,786,73,664,44,40,12,43,4,43
2016,1,19,271,1259,93,1131,93,83,31,80,14,145
2016,1,20,284,1098,97,1167,131,89,30,106,18,139
2016,1,21,243,919,50,804,96,56,23,71,8,80
2016,1,22,276,825,51,732,72,80,34,107,10,48
2016,1,23,289,1388,85,1250,125,78,50,117,19,103
2016,1,24,92,731,62,675,88,44,24,48,5,69
2016,1,25,358,1242,94,1096,137,117,18,88,15,94
2016,1,26,311,1002,64,959,99,87,27,87,15,94
2016,1,27,209,1108,81,1061,97,80,30,60,11,114
2016,1,28,237,972,67,949,77,88,34,76,14,105
2016,1,29,187,767,57,645,74,34,15,27,7,76
2016,1,30,264,1160,81,1068,89,68,36,97,10,95
2016,1,31,154,627,46,606,73,48,15,30,13,68
2016,2,1,251,1020,69,902,70,55,33,64,22,115
2016,2,2,180,989,75,896,100,93,42,60,15,83
2016,2,3,227,903,66,873,88,58,40,63,21,80
2016,2,4,235,953,72,834,138,71,14,59,14,67
2016,2,5,171,814,39,652,67,39,20,28,6,66
2016,2,6,114,527,39,450,54,48,9,40,5,38
2016,2,7,171,632,43,612,67,27,17,53,8,71
2016,2,8,278,1058,66,955,86,73,35,113,11,70
2016,2,9,258,951,71,843,119,81,28,41,13,72
2016,2,10,227,944,64,838,123,71,26,70,9,58
2016,2,11,262,1039,65,857,131,62,15,62,11,100
2016,2,12,178,732,44,631,72,49,36,56,17,34
2016,2,13,263,1183,104,1024,95,83,33,72,12,93
2016,2,14,182,684,41,647,76,56,25,64,9,56
2016,2,16,256,1385,103,1322,181,115,31,80,20,133
2016,2,17,223,908,73,779,90,61,30,81,15,55
2016,2,18,317,1077,74,937,126,77,27,78,17,89
2016,2,19,241,723,37,622,92,70,25,105,7,65
2016,2,20,368,1350,75,1178,125,90,37,77,17,150
2016,2,21,158,728,44,636,90,47,15,56,5,65
2016,2,22,216,1067,83,1038,88,72,36,61,17,91
2016,2,23,233,1065,68,917,109,77,29,65,15,62
2016,2,24,251,1053,76,955,101,61,34,73,12,95
2016,2,25,184,1140,82,998,149,59,34,86,18,78
2016,2,26,212,666,31,589,117,53,16,82,5,49
2016,2,27,271,1178,79,1052,104,81,37,75,18,110
2016,2,28,157,802,72,687,81,42,18,61,13,58
2016,2,29,197,1038,72,865,103,54,29,91,7,74
2016,3,1,190,1076,82,841,108,87,15,75,12,96
2016,3,2,278,1193,78,1175,119,111,30,88,15,139
2016,3,3,272,962,56,855,96,61,34,67,14,79
2016,3,4,149,749,39,638,66,54,21,41,6,49
2016,3,5,307,1072,80,964,112,70,27,70,16,103
2016,3,6,189,782,53,760,97,35,28,56,9,125
2016,3,7,209,1160,77,1008,111,76,27,71,15,114
2016,3,8,214,1024,71,953,80,72,34,71,15,110
2016,3,9,159,730,49,704,85,58,25,57,11,90
2016,3,10,307,1019,70,945,151,84,37,57,19,105
2016,3,11,142,675,37,598,52,37,17,78,11,46
2016,3,12,270,1282,78,1098,114,116,28,78,13,87
2016,3,13,132,678,48,578,53,53,16,42,6,51
2016,3,14,234,1198,72,1032,96,84,41,62,7,116
2016,3,15,221,1128,90,1004,114,70,36,52,7,131
2016,3,16,192,914,53,747,97,70,27,54,11,60
2016,3,17,210,939,60,759,105,69,18,50,13,52
2016,3,18,163,774,48,765,58,60,32,59,8,80
2016,3,19,234,1166,62,997,102,76,39,72,12,100
2016,3,20,151,702,64,706,98,48,22,51,6,58
2016,3,21,219,1169,72,1105,128,90,31,74,12,88
2016,3,22,228,1022,59,897,92,77,28,56,15,115
2016,3,23,220,774,65,795,56,71,22,60,8,108
2016,3,24,174,937,65,920,125,59,33,57,15,108
2016,3,25,160,687,35,679,59,46,29,53,7,77
2016,3,26,317,1187,82,977,107,77,29,83,14,98
2016,3,27,140,467,52,507,63,51,7,29,7,61
2016,3,28,248,1280,92,1082,105,86,44,84,19,106
2016,3,29,229,801,56,693,124,60,18,81,9,75
2016,3,30,268,1018,66,892,96,69,38,74,8,111
2016,3,31,187,895,64,865,81,51,35,71,12,61
2016,4,1,137,699,53,620,64,64,23,59,6,49
2016,4,2,321,1116,84,967,112,87,37,100,13,126
2016,4,3,175,687,52,558,84,34,22,59,9,30
2016,4,4,368,1386,73,1150,132,64,27,109,13,108
2016,4,5,296,976,82,797,109,58,22,65,15,83
2016,4,6,224,1076,73,811,106,59,29,68,13,54
2016,4,7,196,782,45,640,77,44,15,75,5,40
2016,4,8,139,697,66,646,73,41,22,32,11,72
2016,4,9,212,1156,72,911,101,28,22,63,13,102
2016,4,10,127,689,44,571,77,42,22,47,7,77
2016,4,11,290,1199,92,969,125,43,32,67,13,73
2016,4,12,182,846,68,793,126,51,30,45,16,78
2016,4,13,182,912,84,885,103,62,30,77,7,83
2016,4,14,185,961,56,871,132,78,31,98,16,77
2016,4,15,127,702,33,560,74,42,19,47,7,75
2016,4,16,280,1080,76,1054,94,60,28,73,15,164
2016,4,17,119,808,63,640,63,39,18,64,4,68
2016,4,18,340,994,81,966,123,61,32,89,11,93
2016,4,19,166,864,71,818,106,51,19,68,16,65
2016,4,20,234,875,48,711,121,43,25,90,10,83
2016,4,21,282,916,59,833,100,52,30,52,11,94
2016,4,22,129,746,34,599,48,63,18,31,14,61
2016,4,23,278,1292,107,1130,154,52,32,83,11,73
2016,4,24,139,666,46,615,89,45,12,45,8,79
2016,4,25,185,992,63,829,100,51,24,45,12,88
2016,4,26,267,946,74,882,94,68,29,48,11,77
2016,4,27,289,963,59,868,101,91,23,51,17,90
2016,4,28,252,1186,45,845,140,79,40,73,9,106
2016,4,29,141,686,44,643,71,29,20,69,6,77
2016,4,30,229,1139,80,930,112,46,27,84,3,109
2016,5,1,146,565,61,488,60,46,10,43,4,37
2016,5,2,180,1149,62,985,104,46,36,50,21,98
2016,5,3,287,949,77,830,105,79,32,59,15,58
2016,5,4,306,981,49,826,88,73,33,41,15,101
2016,5,5,254,806,57,736,84,36,24,84,8,91
2016,5,6,122,703,59,509,80,40,8,65,7,56
2016,5,7,276,998,70,787,79,48,24,63,8,64
2016,5,8,158,688,38,506,83,36,18,43,7,42
2016,5,9,248,1117,55,788,104,61,29,92,10,112
2016,5,10,257,888,44,751,101,39,30,59,11,57
2016,5,11,202,1005,49,728,123,48,24,59,12,60
2016,5,12,307,943,50,764,76,51,20,73,8,89
2016,5,13,145,657,34,510,61,23,10,28,5,43
2016,5,14,253,1027,64,865,144,68,39,81,9,57
2016,5,15,195,653,31,561,70,30,16,26,10,54
2016,5,16,268,937,80,868,144,62,33,71,12,77
2016,5,17,308,925,54,763,111,57,24,64,9,96
2016,5,18,199,828,74,749,104,41,27,57,13,67
2016,5,19,226,904,56,741,90,45,21,54,4,71
2016,5,20,120,666,37,597,87,38,9,38,6,89
2016,5,21,374,1098,82,970,137,45,50,79,19,104
2016,5,22,136,565,39,503,88,37,20,35,8,46
2016,5,23,237,1087,54,945,120,60,30,89,10,110
2016,5,24,277,884,55,836,127,70,27,54,10,92
2016,5,25,152,817,43,626,69,42,14,49,5,79
2016,5,26,206,885,53,795,120,47,41,72,12,53
2016,5,27,214,777,28,624,74,53,31,61,9,37
2016,5,28,303,1066,69,993,113,61,22,70,13,124
2016,5,29,270,645,34,574,76,35,22,53,10,67
2016,5,31,195,1060,77,1001,154,64,35,69,18,102
2016,6,1,198,818,46,703,74,35,28,57,19,80
2016,6,2,261,867,67,790,89,65,19,72,10,60
2016,6,3,102,439,15,394,62,21,12,24,6,25
2016,6,4,219,815,49,765,89,48,32,62,12,92
2016,6,5,142,578,25,516,62,38,11,48,8,53
2016,6,6,302,1052,37,974,126,44,38,59,12,58
2016,6,7,244,1146,67,887,96,61,42,69,11,78
2016,6,8,246,949,38,877,87,65,27,51,15,86
2016,6,9,254,728,42,764,69,41,14,51,6,82
2016,6,10,167,600,40,547,111,49,20,44,9,56
2016,6,11,271,1174,66,931,113,65,32,83,13,78
2016,6,12,130,644,53,621,46,33,19,38,9,48
2016,6,13,280,1241,70,1017,160,66,30,72,14,93
2016,6,14,191,909,60,763,67,50,13,44,5,77
2016,6,15,167,808,62,746,97,55,26,56,13,48
2016,6,16,213,963,64,815,75,55,25,99,9,117
2016,6,17,168,676,28,595,53,62,17,44,10,99
2016,6,18,217,1070,75,902,90,34,50,85,15,97
2016,6,19,158,599,23,454,67,21,11,35,8,49
2016,6,20,226,1052,61,987,120,45,29,81,12,84
2016,6,21,194,969,37,835,122,66,23,52,6,83
2016,6,22,208,888,46,754,87,55,17,56,10,101
2016,6,23,202,978,50,799,112,102,21,41,7,85
2016,6,24,145,685,46,562,56,49,15,51,5,69
2016,6,25,328,1043,73,911,107,63,39,95,28,87
2016,6,26,178,712,35,586,104,38,20,58,9,48
2016,6,27,312,1020,69,1001,118,59,31,45,15,102
2016,6,28,195,891,56,799,101,54,35,45,8,84
2016,6,29,177,879,33,751,91,45,18,66,10,65
2016,6,30,265,833,54,834,135,75,27,71,12,76
2016,7,1,180,638,31,523,45,42,22,38,7,69
2016,7,2,254,1085,62,864,108,59,26,84,15,57
2016,7,3,173,605,45,514,66,25,10,34,4,40
2016,7,5,317,1190,86,1108,140,89,26,64,13,112
2016,7,6,248,1034,45,913,112,42,39,78,13,105
2016,7,7,196,934,46,875,108,61,17,60,11,137
2016,7,8,109,665,47,593,79,47,22,33,3,42
2016,7,9,284,942,63,838,96,43,34,54,12,63
2016,7,10,190,545,30,503,70,25,18,32,13,43
2016,7,11,171,1013,56,858,97,71,33,76,14,74
2016,7,12,157,979,56,826,99,52,19,84,8,62
2016,7,13,258,1053,82,906,104,52,28,65,13,95
2016,7,14,225,1024,53,805,137,43,16,32,7,67
2016,7,15,182,734,43,627,53,33,9,45,5,58
2016,7,16,254,1062,37,908,115,50,40,68,16,127
2016,7,17,140,650,42,544,78,37,10,38,4,41
2016,7,18,283,1035,62,904,140,84,30,70,9,93
2016,7,19,136,1009,63,842,120,33,20,52,12,63
2016,7,20,137,537,48,548,81,32,11,24,2,48
2016,7,21,214,705,24,624,116,51,10,38,3,58
2016,7,22,123,573,27,535,89,34,21,31,7,33
2016,7,23,284,1048,58,915,89,56,21,59,9,107
2016,7,24,119,622,37,548,83,30,14,47,5,42
2016,7,25,250,1193,62,1074,102,76,35,65,15,120
2016,7,26,236,1038,67,949,140,67,28,70,10,102
2016,7,27,256,855,50,746,85,44,29,52,10,58
2016,7,28,154,984,52,800,132,43,24,58,6,52
2016,7,29,179,687,30,545,59,22,20,31,12,73
2016,7,30,244,1085,52,892,93,54,42,79,18,112
2016,7,31,109,550,53,486,56,26,18,30,8,27
2016,8,1,222,1147,52,991,122,58,31,80,8,87
2016,8,2,227,980,70,810,85,49,20,66,19,82
2016,8,3,187,768,40,686,73,66,22,54,6,74
2016,8,4,213,858,34,743,76,49,31,55,7,64
2016,8,5,192,564,50,523,52,47,13,29,4,45
2016,8,6,216,862,58,745,98,64,19,58,15,66
2016,8,7,145,554,27,542,50,34,41,68,11,39
2016,8,8,172,1068,70,1004,101,59,46,71,12,125
2016,8,9,188,852,57,708,123,36,17,32,9,79
2016,8,10,185,879,36,772,89,53,33,53,14,70
2016,8,11,187,1092,80,931,146,42,35,62,12,95
2016,8,12,203,612,40,628,60,40,20,41,7,65
2016,8,13,263,857,63,813,76,43,36,57,14,95
2016,8,14,134,540,21,449,50,24,18,36,9,45
2016,8,15,235,953,72,962,98,63,42,60,15,59
2016,8,16,229,1020,105,1002,67,40,32,51,16,140
2016,8,17,155,939,53,825,85,48,33,63,19,71
2016,8,18,210,926,44,756,114,49,45,81,15,80
2016,8,19,161,584,30,607,66,69,20,37,17,52
2016,8,20,320,927,74,795,103,30,28,59,12,59
2016,8,21,99,555,37,436,64,40,22,44,17,62
2016,8,22,223,1054,70,1029,136,51,41,95,7,83
2016,8,23,182,938,54,798,111,52,22,64,11,89
2016,8,24,201,943,64,795,83,52,30,62,15,78
2016,8,25,193,829,66,789,69,56,28,59,20,111
2016,8,26,183,586,37,631,100,49,22,54,6,58
2016,8,27,221,949,48,872,80,47,39,61,14,94
2016,8,28,92,499,32,496,62,29,25,51,16,34
2016,8,29,156,1077,56,883,121,37,44,60,22,75
2016,8,30,265,980,57,895,108,63,36,68,19,77
2016,8,31,134,911,67,859,88,58,32,68,11,82
2016,9,1,235,994,49,801,118,65,29,76,19,81
2016,9,2,150,594,29,574,108,49,24,38,15,69
2016,9,3,356,772,49,832,74,75,29,69,20,73
2016,9,4,134,668,37,516,40,79,24,59,15,30
2016,9,6,231,1337,92,1237,128,69,43,94,15,111
2016,9,7,233,817,63,789,69,49,37,55,13,61
2016,9,8,202,842,37,878,89,44,41,84,30,87
2016,9,9,154,705,33,599,71,26,30,61,9,64
2016,9,10,283,995,57,904,85,73,39,91,17,67
2016,9,11,148,591,40,610,42,61,25,53,8,32
2016,9,12,222,1002,62,891,98,58,35,62,16,98
2016,9,13,247,877,69,878,118,56,41,67,28,90
2016,9,14,211,792,52,782,86,58,22,53,12,76
2016,9,15,238,844,36,710,73,36,24,43,18,71
2016,9,16,149,610,27,517,84,42,23,44,15,33
2016,9,17,304,1075,68,880,122,57,32,76,25,108
2016,9,18,154,630,45,498,57,31,29,50,16,49
2016,9,19,398,1059,82,1023,91,76,37,87,20,98
2016,9,20,209,928,67,798,85,50,29,52,17,63
2016,9,21,173,877,59,861,92,63,38,59,17,103
2016,9,22,215,795,54,712,71,54,25,32,15,59
2016,9,23,168,627,46,578,65,33,20,67,17,46
2016,9,24,260,966,61,825,100,38,36,56,12,92
2016,9,25,99,589,36,519,69,19,25,38,9,67
2016,9,26,251,994,69,912,104,45,39,55,15,63
2016,9,27,147,843,67,771,99,65,22,54,21,93
2016,9,28,179,901,66,761,85,71,28,66,21,91
2016,9,29,254,770,37,731,82,38,35,39,18,89
2016,9,30,149,523,40,538,72,47,25,38,10,62
2016,10,1,212,929,71,761,80,50,39,72,9,82
2016,10,2,119,601,28,585,43,49,17,39,15,53
2016,10,3,191,913,75,884,69,61,30,61,18,68
2016,10,4,263,873,62,743,74,43,38,67,8,62
2016,10,5,234,810,67,809,82,51,31,82,18,90
2016,10,6,162,830,65,795,106,57,31,89,16,81
2016,10,7,141,624,45,634,89,54,23,58,18,79
2016,10,8,237,874,27,725,78,60,41,66,26,58
2016,10,9,147,613,38,524,72,46,18,34,13,39
2016,10,10,262,887,75,846,79,57,34,42,19,89
2016,10,11,154,931,69,815,72,61,36,77,22,67
2016,10,12,118,788,51,715,106,52,28,34,19,76
2016,10,13,219,804,37,709,67,62,36,49,17,65
2016,10,14,253,735,45,614,62,39,23,51,10,49
2016,10,15,204,684,56,616,66,64,26,62,5,45
2016,10,16,133,560,38,469,39,71,19,31,8,32
2016,10,17,305,1096,78,976,126,57,37,54,11,114
2016,10,18,249,812,66,855,90,40,31,68,18,107
2016,10,19,179,819,31,796,67,64,27,36,18,98
2016,10,20,203,878,52,765,92,60,33,45,22,60
2016,10,21,191,650,36,593,46,42,21,76,12,65
2016,10,22,272,1055,54,1049,112,92,27,85,17,78
2016,10,23,180,649,42,561,70,40,16,42,8,59
2016,10,24,186,949,60,774,162,76,29,82,8,88
2016,10,25,239,915,71,948,81,64,42,109,15,128
2016,10,26,173,761,57,687,58,55,22,45,4,81
2016,10,27,168,846,49,751,100,79,38,37,18,72
2016,10,28,106,591,35,502,76,31,18,45,4,36
2016,10,29,231,880,64,802,113,33,29,53,10,62
2016,10,30,130,481,41,474,51,28,16,29,11,75
2016,10,31,187,791,71,753,77,80,37,55,7,57
2016,11,1,162,773,69,699,58,41,27,43,8,83
2016,11,2,223,743,58,696,83,90,34,60,18,94
2016,11,3,146,758,42,674,61,51,37,38,16,61
2016,11,4,146,854,32,669,76,54,19,71,12,61
2016,11,5,273,1016,56,786,118,66,39,75,18,53
2016,11,6,154,573,58,610,60,43,25,61,7,52
2016,11,7,208,861,55,835,99,56,34,64,26,91
2016,11,8,153,738,52,735,83,67,28,46,20,74
2016,11,9,165,761,58,685,90,40,23,41,10,57
2016,11,10,280,897,44,907,103,67,40,107,13,86
2016,11,12,217,979,63,906,115,87,36,60,20,94
2016,11,13,124,686,29,593,57,67,20,77,23,46
2016,11,14,268,897,42,793,109,92,25,50,12,54
2016,11,15,163,811,47,784,84,47,32,103,16,81
2016,11,16,245,907,45,781,118,64,24,43,5,101
2016,11,17,165,861,36,871,106,71,49,80,9,92
2016,11,18,173,630,38,622,90,66,20,61,6,36
2016,11,19,278,1260,92,1248,145,99,50,87,22,127
2016,11,20,124,596,34,602,85,53,23,42,15,52
2016,11,21,177,1048,59,992,110,75,39,62,13,107
2016,11,22,183,940,74,920,77,75,47,68,24,83
2016,11,23,327,1187,66,1179,125,84,53,111,24,113
2016,11,25,148,701,41,521,48,51,12,50,5,42
2016,11,26,210,949,53,844,91,95,45,87,16,69
2016,11,27,120,552,43,566,108,51,20,44,15,45
2016,11,28,253,924,79,939,87,56,43,95,21,110
2016,11,29,181,790,41,732,97,83,27,63,7,72
2016,11,30,209,1044,86,913,103,46,28,59,13,112
2016,12,1,261,855,51,823,121,76,36,76,15,63
2016,12,2,164,667,39,531,73,33,27,45,12,50
2016,12,3,252,1211,71,1031,125,93,34,80,13,87
2016,12,4,157,559,33,625,82,75,26,59,8,57
2016,12,5,195,872,52,861,106,65,34,76,15,68
2016,12,6,199,860,45,849,106,81,42,92,12,68
2016,12,7,301,816,48,826,68,50,27,52,13,73
2016,12,8,183,866,45,774,110,61,24,59,20,50
2016,12,9,133,582,30,428,35,44,20,40,9,43
2016,12,10,173,1096,77,965,103,56,37,63,13,96
2016,12,11,134,528,38,479,39,30,17,62,7,52
2016,12,12,240,1006,68,867,122,73,37,74,15,87
2016,12,13,185,893,38,762,78,40,37,51,24,55
2016,12,14,213,764,59,732,91,82,25,58,10,73
2016,12,15,202,836,50,786,90,49,29,65,9,78
2016,12,16,248,582,49,649,65,33,21,44,6,70
2016,12,17,299,1142,44,967,86,88,31,82,18,89
2016,12,18,133,570,34,541,73,40,28,56,14,69
2016,12,19,243,972,63,884,98,76,39,81,13,109
2016,12,20,175,769,46,800,65,45,13,49,9,85
2016,12,21,197,812,40,758,62,46,37,57,14,54
2016,12,22,328,799,74,832,75,37,18,47,12,89
2016,12,23,234,938,46,903,109,72,22,77,11,91
2016,12,26,267,866,34,817,91,42,25,91,10,75
2016,12,27,354,938,73,894,127,53,38,55,18,96
2016,12,28,164,963,54,882,84,68,26,43,12,92
2016,12,29,220,912,71,894,107,83,32,98,16,87
2016,12,30,263,782,44,742,96,33,38,77,29,57
2016,12,31,193,830,47,831,67,50,28,45,11,61
2017,1,2,174,928,54,891,69,57,28,46,10,59
2017,1,3,186,1128,84,1103,120,70,45,94,14,95
2017,1,4,179,943,51,836,95,82,36,78,10,58
2017,1,5,200,1042,47,911,105,62,28,80,15,74
2017,1,6,197,658,43,679,84,52,11,36,3,47
2017,1,7,239,1078,76,1045,118,88,37,90,11,87
2017,1,8,117,597,44,534,68,47,20,43,3,48
2017,1,9,347,1133,60,1093,98,99,37,89,19,105
2017,1,10,235,865,65,811,81,66,30,82,16,73
2017,1,11,202,851,22,728,99,79,29,72,11,74
2017,1,12,352,976,69,930,119,86,27,71,14,86
2017,1,13,181,655,62,646,69,75,22,47,16,99
2017,1,14,314,966,62,924,85,77,32,75,13,75
2017,1,15,246,602,41,566,53,44,11,29,7,41
2017,1,17,339,1109,66,1103,115,96,42,79,23,84
2017,1,18,229,872,67,928,107,69,39,70,18,81
2017,1,19,204,823,47,846,83,61,45,82,13,85
2017,1,20,144,671,43,584,84,61,26,47,8,78
2017,1,21,261,967,65,912,104,61,32,80,16,110
2017,1,22,163,860,46,731,85,56,21,63,12,67
2017,1,23,197,1126,60,1068,107,101,47,63,17,103
2017,1,24,192,919,44,864,111,68,33,69,15,79
2017,1,25,179,837,57,707,75,51,19,54,11,65
2017,1,26,224,783,76,847,74,58,27,50,11,77
2017,1,27,146,653,42,752,79,64,24,71,9,75
2017,1,28,318,912,52,832,101,61,36,91,16,52
2017,1,29,180,572,31,568,76,33,19,35,8,68
2017,1,30,227,999,72,860,104,89,29,71,21,91
2017,1,31,244,974,61,910,102,49,56,95,26,77
2017,2,1,163,699,66,763,97,68,30,51,9,64
2017,2,2,289,838,58,911,68,68,41,64,19,118
2017,2,3,158,656,48,529,49,39,18,40,9,55
2017,2,4,207,1091,53,941,77,84,34,76,16,87
2017,2,5,170,546,40,530,41,28,16,35,8,51
2017,2,6,26,93,14,124,3,1,11,7,4,16
2017,2,7,188,1110,75,1005,107,83,30,72,26,100
2017,2,8,191,875,67,802,85,70,31,71,19,59
2017,2,9,248,793,68,858,74,52,28,86,12,71
2017,2,10,201,669,51,624,80,78,21,42,11,43
2017,2,21,339,1213,72,1192,156,105,44,113,20,135
2017,2,22,217,901,81,938,96,49,30,70,23,83
2017,2,23,207,825,66,879,90,42,25,75,9,100
2017,2,24,165,714,46,653,56,33,26,32,13,75
2017,2,25,425,1388,64,1238,123,124,69,127,50,116
2017,2,26,211,834,47,628,58,32,26,43,14,67
2017,2,27,213,911,41,900,109,49,28,80,18,154
2017,2,28,250,907,49,840,132,76,34,104,15,95
2017,3,1,219,775,41,747,123,69,25,54,11,61
2017,3,2,223,834,57,829,156,61,24,64,19,55
2017,3,3,192,739,61,739,78,30,26,91,16,68
2017,3,4,225,1026,57,986,116,79,56,98,38,74
2017,3,5,250,732,48,670,94,50,17,46,11,59
2017,3,6,232,988,50,927,76,59,35,81,26,102
2017,3,7,250,815,49,856,72,54,42,87,11,128
2017,3,8,188,968,46,898,136,51,46,86,8,69
2017,3,9,194,927,65,950,89,49,41,90,23,110
2017,3,10,199,704,43,683,74,50,38,55,7,90
2017,3,11,354,1070,52,1105,92,90,38,76,27,109
2017,3,12,161,645,34,633,52,45,18,62,15,75
2017,3,13,243,1009,63,970,123,54,56,115,20,96
2017,3,14,221,874,51,821,112,60,29,56,21,88
2017,3,15,180,900,56,824,67,50,27,92,19,68
2017,3,16,190,794,35,805,93,62,36,78,15,103
2017,3,17,201,562,31,567,54,73,29,30,10,64
2017,3,18,269,999,63,991,95,44,46,107,19,117
2017,3,19,112,638,52,632,65,38,29,44,20,57
2017,3,20,231,973,57,892,89,63,22,71,12,86
2017,3,21,250,811,52,844,86,66,36,80,12,82
2017,3,22,195,836,52,848,71,52,39,75,20,70
2017,3,23,196,689,47,812,106,98,20,61,15,121
2017,3,24,140,610,51,711,67,39,26,56,16,47
2017,3,25,298,1055,57,952,85,67,33,68,15,99
2017,3,26,120,738,43,665,88,45,31,59,13,44
2017,3,27,140,967,49,878,87,58,40,91,15,68
2017,3,28,181,931,39,724,121,63,34,84,12,71
2017,3,30,300,1075,68,1085,88,60,34,127,18,121
2017,3,31,124,680,42,708,49,62,19,70,7,76
2017,4,1,259,945,70,926,58,73,34,68,13,119
2017,4,2,138,729,32,634,64,51,14,65,11,62
2017,4,4,183,831,56,825,119,36,34,93,13,72
2017,4,5,192,839,59,837,81,53,41,71,12,75
2017,4,6,194,1004,48,895,130,50,34,62,18,85
2017,4,7,215,609,52,636,74,50,26,61,8,51
2017,4,8,248,1130,41,1036,102,82,32,109,16,105
2017,4,9,129,615,18,616,89,46,26,47,20,69
2017,4,10,189,981,64,839,100,46,23,83,10,103
2017,4,11,219,984,55,945,128,66,33,65,24,140
2017,4,12,151,813,52,788,66,34,29,68,14,77
2017,4,13,280,968,52,916,86,71,56,89,15,81
2017,4,14,188,711,49,667,61,34,11,31,9,89
2017,4,15,304,860,67,790,124,51,34,75,12,69
2017,4,16,104,314,22,372,41,18,16,24,4,48
2017,4,17,230,1033,50,1004,93,41,37,98,28,135
2017,4,18,159,759,44,760,103,51,29,60,16,79
2017,4,19,217,815,60,826,70,53,31,77,14,101
2017,4,20,243,826,40,819,86,72,34,64,25,93
2017,4,21,168,553,36,588,57,66,21,54,11,46
2017,4,22,368,1005,74,858,125,55,41,80,13,78
2017,4,23,139,604,56,670,95,52,21,41,3,77
2017,4,24,288,858,35,872,75,71,34,72,19,111
2017,4,25,171,816,61,782,65,57,24,44,8,88
2017,4,26,176,759,39,675,69,26,37,59,11,69
2017,4,27,233,896,74,969,84,40,27,57,19,80
2017,4,28,96,603,28,633,80,32,23,51,5,49
2017,4,29,240,809,46,728,53,35,31,54,14,90
2017,4,30,98,464,33,430,14,24,19,42,10,46
2017,5,1,207,909,66,849,123,46,26,111,20,86
2017,5,2,259,931,64,813,71,56,27,72,22,73
2017,5,3,239,873,43,750,74,61,36,74,14,81
2017,5,4,198,802,49,840,109,63,27,74,9,99
2017,5,5,219,709,43,587,72,31,24,51,11,60
2017,5,6,299,993,62,967,85,72,35,82,14,101
2017,5,7,193,584,37,523,60,35,24,40,12,31
2017,5,8,246,898,95,912,105,59,16,45,10,115
2017,5,9,215,902,61,800,63,45,27,82,14,77
2017,5,10,212,767,57,837,78,47,31,78,15,58
2017,5,11,187,879,50,839,85,49,34,83,11,76
2017,5,12,180,593,23,505,55,22,27,47,11,43
2017,5,13,241,1074,94,1016,100,78,27,86,15,82
2017,5,14,218,527,36,492,58,27,29,50,8,32
2017,5,15,257,1083,72,1039,114,63,43,87,27,79
2017,5,16,324,898,61,817,81,51,34,55,12,63
2017,5,17,176,882,49,794,91,53,25,66,5,83
2017,5,18,184,902,52,949,101,55,40,97,15,108
2017,5,19,149,647,43,593,72,36,13,54,10,88
2017,5,20,232,964,55,851,91,45,32,83,19,89
2017,5,21,132,625,36,550,64,26,15,38,8,52
2017,5,22,262,824,70,792,116,57,17,59,10,70
2017,5,23,159,956,54,785,89,28,21,38,15,70
2017,5,24,213,926,79,969,105,37,35,51,20,85
2017,5,25,211,885,86,1010,100,56,32,75,13,84
2017,5,26,196,786,38,686,76,33,26,36,3,56
2017,5,27,182,984,61,891,74,57,27,71,11,65
2017,5,28,114,572,45,518,83,27,24,54,11,46
2017,5,30,203,1198,76,1202,156,76,45,81,13,99
2017,5,31,216,886,49,803,93,49,20,67,14,93
2017,6,1,333,923,58,837,108,52,26,52,12,84
2017,6,2,113,607,25,554,49,36,22,56,9,38
2017,6,3,229,1032,57,902,109,57,23,64,8,85
2017,6,4,190,560,28,556,55,33,25,66,4,55
2017,6,5,185,829,67,738,89,37,29,62,8,79
2017,6,6,153,904,68,963,91,89,29,83,16,76
2017,6,7,204,922,38,799,103,77,32,101,8,46
2017,6,8,160,1035,64,1012,134,83,34,104,12,95
2017,6,9,160,750,53,722,81,39,41,35,19,66
2017,6,10,285,1063,68,1045,98,80,34,96,12,85
2017,6,11,89,595,46,617,88,17,17,52,8,27
2017,6,12,214,1039,61,1027,132,62,45,81,24,59
2017,6,13,160,929,66,868,119,79,17,69,10,75
2017,6,14,191,794,44,706,73,40,29,55,12,63
2017,6,15,160,860,62,742,93,39,23,67,8,51
2017,6,16,154,658,34,602,54,47,21,54,4,51
2017,6,17,217,933,43,912,151,80,31,66,16,85
2017,6,18,118,495,35,557,59,47,21,28,12,72
2017,6,19,237,1142,56,1122,111,56,34,100,25,125
2017,6,20,211,972,97,917,106,44,39,133,10,56
2017,6,21,218,955,45,914,73,44,44,77,16,90
2017,6,22,202,890,48,829,96,47,24,68,12,86
2017,6,23,148,595,46,576,58,30,22,60,9,33
2017,6,24,222,754,37,771,67,43,27,81,13,72
2017,6,25,119,544,29,449,51,12,21,40,15,28
2017,6,26,227,975,64,1006,91,61,40,51,10,103
2017,6,27,272,872,66,948,104,53,43,83,22,80
2017,6,28,193,833,50,758,94,42,16,62,9,66
2017,6,29,207,1008,53,928,94,67,40,82,13,89
2017,6,30,181,758,34,615,70,41,21,37,4,40
2017,7,1,252,1045,63,891,113,45,33,71,20,76
2017,7,2,123,418,50,508,44,16,14,37,3,24
2017,7,3,222,1058,61,1105,131,74,22,87,32,84
2017,7,5,196,964,60,863,79,54,30,60,16,57
2017,7,6,233,802,56,850,76,45,30,73,13,68
2017,7,7,166,738,42,699,62,33,27,42,9,67
2017,7,8,224,1077,51,876,111,60,30,72,9,66
2017,7,9,106,546,29,503,57,30,22,35,13,46
2017,7,10,218,1110,58,922,105,39,39,64,13,65
2017,7,11,152,913,70,864,129,56,29,78,14,80
2017,7,12,203,845,54,850,67,49,31,92,16,62
2017,7,13,253,987,56,961,86,52,35,43,13,88
2017,7,14,123,680,32,607,61,45,24,46,8,44
2017,7,15,207,1050,59,904,68,64,29,73,14,74
2017,7,16,105,513,35,556,53,34,14,32,2,49
2017,7,17,265,920,53,994,124,63,37,74,13,116
2017,7,18,194,755,43,678,72,40,17,46,9,44
2017,7,19,213,988,68,954,111,64,28,88,16,58
2017,7,20,184,980,78,804,153,63,25,79,16,46
2017,7,21,184,657,20,616,63,56,28,42,11,71
2017,7,22,280,913,50,833,111,70,29,98,10,55
2017,7,23,104,519,26,492,64,33,12,26,6,39
2017,7,24,231,1147,88,1025,120,53,33,73,12,108
2017,7,25,182,855,54,745,67,52,42,52,8,63
2017,7,26,175,914,48,863,98,41,30,78,20,77
2017,7,27,217,794,56,787,87,32,16,60,12,75
2017,7,28,157,703,49,555,69,37,17,50,13,33
2017,7,29,175,1132,69,939,98,40,27,59,11,71
2017,7,30,111,587,42,544,32,36,14,58,5,60
2017,7,31,265,1146,66,1110,112,40,31,67,12,96
2017,8,1,184,830,82,818,85,58,18,80,7,77
2017,8,2,230,868,59,915,103,42,32,73,9,118
2017,8,3,241,788,67,784,90,59,16,53,7,63
2017,8,4,170,686,23,551,81,39,18,39,6,37
2017,8,5,146,1098,89,993,98,54,40,105,10,88
2017,8,6,117,646,39,546,72,26,18,43,10,38
2017,8,7,244,1218,94,1112,138,50,33,96,15,81
2017,8,8,168,881,63,856,89,42,37,65,19,52
2017,8,9,163,902,60,866,122,73,23,78,11,80
2017,8,10,212,1007,65,997,148,74,31,77,19,70
2017,8,11,141,767,31,746,64,45,32,56,17,63
2017,8,12,223,880,34,815,91,36,25,46,9,91
2017,8,13,193,783,58,787,78,56,30,66,16,62
2017,8,14,259,1010,48,1049,153,69,36,102,22,146
2017,8,15,171,780,52,731,74,63,32,50,17,45
2017,8,16,265,853,45,815,109,68,38,76,15,88
2017,8,17,146,976,45,878,141,62,24,62,16,71
2017,8,19,166,937,41,882,82,77,37,70,16,72
2017,8,20,125,585,33,504,53,47,9,45,1,30
2017,8,21,190,980,61,937,101,50,38,32,25,84
2017,8,22,162,810,28,795,74,52,29,59,11,103
2017,8,23,222,841,35,883,73,54,36,88,15,80
2017,8,24,232,1021,48,1042,141,47,36,64,17,91
2017,8,25,138,603,29,588,53,26,28,41,10,32
2017,8,26,187,896,61,844,96,45,24,58,13,77
2017,8,27,97,528,40,563,54,24,29,64,4,50
2017,8,28,197,796,38,710,97,39,30,77,20,82
2017,8,29,176,953,32,788,76,40,32,50,8,62
2017,8,30,106,723,39,744,111,23,23,62,14,68
2017,8,31,208,896,50,809,72,57,41,45,15,80
2017,9,1,126,772,67,737,73,38,30,70,9,70
2017,9,2,278,1065,67,958,123,71,41,76,8,105
2017,9,3,160,527,42,469,58,27,22,33,11,32
2017,9,5,296,1215,75,1247,154,72,49,107,25,77
2017,9,6,208,904,43,809,88,59,22,80,15,63
2017,9,7,176,854,50,899,79,80,41,58,9,87
2017,9,8,122,741,59,677,98,31,14,52,12,52
2017,9,9,255,1138,54,1004,123,50,24,81,12,97
2017,9,10,149,589,47,590,79,52,21,38,12,27
2017,9,11,225,980,53,843,128,49,23,67,12,46
2017,9,12,225,1022,55,923,93,36,31,77,22,103
2017,9,13,213,993,41,875,85,58,40,50,12,87
2017,9,14,161,1029,61,974,141,61,33,45,11,67
2017,9,15,179,737,34,633,98,53,12,32,4,51
2017,9,16,250,1029,53,1004,115,66,33,65,14,68
2017,9,17,90,456,34,451,85,26,18,25,8,39
2017,9,18,187,1001,84,925,124,46,33,72,9,79
2017,9,19,231,988,75,865,93,48,36,73,10,66
2017,9,20,158,878,46,642,100,41,21,62,8,62
2017,9,21,261,936,82,917,107,40,33,77,12,64
2017,9,22,171,736,52,609,65,45,19,79,15,55
2017,9,23,182,926,56,867,78,51,21,48,9,75
2017,9,24,76,539,28,474,52,50,24,40,6,24
2017,9,25,212,901,85,886,131,105,24,93,19,65
2017,9,26,263,750,42,746,101,62,35,58,6,75
2017,9,27,133,803,66,722,137,23,27,68,5,58
2017,9,28,142,700,53,767,104,34,22,48,12,69
2017,9,29,128,583,36,528,75,22,20,27,9,52
2017,9,30,195,1182,121,1070,139,82,42,83,11,89
2017,10,1,107,676,37,536,63,22,20,24,4,33
2017,10,2,204,1060,75,1002,108,75,30,74,11,83
2017,10,3,199,838,69,850,92,63,29,60,17,101
2017,10,4,248,873,40,837,79,49,37,68,15,74
2017,10,5,180,932,50,882,102,46,31,59,12,86
2017,10,6,157,660,32,622,81,17,31,35,9,46
2017,10,7,263,1140,72,993,107,77,35,73,21,70
2017,10,8,154,558,42,560,79,29,18,57,6,59
2017,10,9,198,880,53,798,78,41,27,37,17,72
2017,10,10,242,905,89,886,98,69,22,60,7,73
2017,10,11,182,887,41,782,87,45,20,58,16,80
2017,10,12,243,827,54,728,118,48,25,53,13,52
2017,10,13,151,655,34,593,76,30,22,52,4,38
2017,10,14,234,940,73,961,93,59,29,64,16,102
2017,10,15,134,749,47,682,94,28,19,53,6,46
2017,10,16,179,966,56,964,94,44,31,67,9,105
2017,10,17,223,1015,59,960,86,47,30,69,17,85
2017,10,18,216,661,66,766,87,45,26,58,5,74
2017,10,19,201,806,38,768,73,53,33,48,12,67
2017,10,20,143,605,28,588,84,36,25,43,9,75
2017,10,21,193,1100,67,987,102,52,26,71,7,73
2017,10,22,144,519,39,511,70,33,22,54,11,28
2017,10,23,198,1074,90,993,109,79,17,60,24,83
2017,10,24,229,871,35,702,77,55,22,88,6,35
2017,10,25,206,823,40,707,62,42,27,54,9,42
2017,10,26,287,888,38,918,105,44,48,57,11,80
2017,10,27,167,595,28,542,45,28,18,36,8,36
2017,10,28,226,877,33,880,91,69,32,77,11,88
2017,10,29,99,476,21,438,61,47,15,43,3,34
2017,10,30,193,951,72,980,127,40,36,64,18,88
2017,10,31,148,697,48,615,91,41,15,39,9,39
2017,11,1,187,805,73,775,80,47,25,46,17,74
2017,11,2,168,857,49,919,99,64,22,51,14,79
2017,11,3,87,570,34,609,49,50,23,50,13,47
2017,11,4,181,922,49,784,90,49,16,84,9,65
2017,11,5,96,478,33,432,42,28,15,30,6,46
2017,11,6,274,925,55,859,74,58,31,72,9,91
2017,11,7,226,859,46,754,84,55,17,57,9,65
2017,11,8,105,725,50,649,56,47,16,36,11,40
2017,11,9,224,775,67,798,77,35,24,91,11,72
2017,11,10,104,527,27,539,68,49,11,23,7,48
2017,11,12,241,944,63,950,113,80,32,61,19,75
2017,11,13,173,821,43,792,65,64,24,44,27,61
2017,11,14,223,978,67,861,116,48,25,70,7,74
2017,11,15,218,920,43,849,94,45,37,71,17,64
2017,11,16,225,910,70,875,127,60,25,51,8,55
2017,11,17,157,782,42,763,107,42,41,85,9,46
2017,11,18,233,1041,76,1003,103,46,24,58,11,74
2017,11,19,252,695,48,643,71,28,26,38,15,51
2017,11,20,251,984,79,1053,107,76,33,71,14,95
2017,11,21,179,916,42,949,90,41,32,68,13,99
2017,11,22,271,1182,67,1109,130,61,33,77,12,96
2017,11,24,143,585,40,534,56,37,11,50,10,31
2017,11,25,295,988,55,940,77,71,19,56,14,73
2017,11,26,79,606,35,552,64,61,26,52,9,49
2017,11,27,227,1049,48,955,86,54,30,49,18,76
2017,11,28,200,793,83,843,64,55,21,53,11,73
2017,11,29,214,895,39,860,94,63,35,77,9,68
2017,11,30,195,1070,68,966,134,67,31,74,12,74
2017,12,1,208,618,51,612,56,40,14,46,3,48
2017,12,2,262,1216,66,1135,152,77,37,78,16,98
2017,12,3,214,687,71,748,74,38,21,45,5,61
2017,12,5,207,887,44,792,87,49,13,89,9,63
2017,12,6,177,826,59,817,83,42,19,54,9,65
2017,12,7,262,837,61,811,76,59,19,65,8,57
2017,12,8,155,674,48,698,78,49,22,63,5,48
2017,12,9,217,989,69,868,83,53,28,52,17,67
2017,12,12,222,836,39,763,70,44,35,73,25,56
2017,12,13,158,741,61,751,72,54,22,47,11,47
2017,12,14,205,810,52,814,103,38,31,51,6,68
2017,12,15,122,620,35,634,71,58,20,47,11,59
2017,12,16,184,1099,38,968,89,60,22,73,22,65
2017,12,17,126,569,74,665,55,69,11,61,8,63
2017,12,18,207,923,50,870,101,50,31,84,20,82
2017,12,19,213,842,54,826,89,37,36,62,20,63
2017,12,20,191,829,47,816,78,53,48,55,18,55
2017,12,21,106,705,34,760,53,25,20,62,6,61
2017,12,22,186,855,43,786,112,44,15,55,17,61
2017,12,23,210,891,45,839,106,43,26,44,7,73
2017,12,26,163,861,53,780,68,48,28,86,7,68
2017,12,27,182,868,45,726,74,26,22,46,14,57
2017,12,28,212,967,61,1090,96,40,41,71,20,68
2017,12,29,147,635,28,475,45,41,36,50,16,30
2017,12,30,229,1040,57,948,86,41,19,65,18,79
2017,12,31,153,550,34,509,52,36,22,43,9,32
2018,3,21,226,787,39,751,71,50,16,59,4,72
2018,3,22,182,902,52,772,66,41,18,65,11,62
2018,3,23,169,666,53,644,75,47,19,41,7,51
2018,3,24,306,1019,57,1003,92,47,34,51,20,76
2018,3,25,183,585,40,638,95,36,17,34,4,39
2018,3,26,216,837,79,907,105,76,16,54,11,84
2018,3,27,244,866,45,852,82,53,25,51,11,55
2018,3,28,214,849,63,883,72,36,36,59,11,76
2018,3,29,223,773,38,709,74,51,17,71,6,46
2018,3,30,148,578,32,553,54,35,16,44,8,33
2018,3,31,229,940,63,953,90,67,23,77,8,86
2018,4,1,157,445,29,438,45,19,16,39,5,39
2018,4,2,276,930,87,1022,114,95,40,69,14,77
2018,4,3,292,882,64,957,65,47,27,64,13,74
2018,4,4,216,785,52,833,67,42,20,51,12,94
2018,4,5,225,915,48,792,94,64,14,73,8,63
2018,4,6,160,657,50,728,60,50,32,61,15,60
2018,4,7,262,1001,67,1017,101,100,28,93,16,65
2018,4,8,116,657,33,586,59,37,17,42,11,46
2018,4,9,232,995,64,1015,121,56,30,78,18,104
2018,4,10,308,939,62,880,107,49,24,65,16,66
2018,4,11,222,857,41,743,98,20,25,60,4,55
2018,4,12,195,919,82,943,70,48,34,70,14,116
2018,4,13,148,737,38,629,47,41,20,40,15,46
2018,4,14,274,984,66,957,140,98,32,72,32,87
2018,4,15,166,620,31,571,45,24,10,46,7,50
2018,4,16,291,842,80,916,69,62,38,80,15,78
2018,4,17,230,875,47,845,127,64,34,85,8,62
2018,4,18,158,836,71,847,103,27,12,73,13,64
2018,4,19,212,710,63,764,79,44,12,47,10,63
2018,4,20,163,754,43,705,64,51,26,80,6,75
2018,4,21,184,882,50,796,87,34,14,59,9,71
2018,4,22,156,575,15,521,60,88,17,59,4,47
2018,4,23,173,1023,99,1048,121,48,41,108,20,96
2018,4,24,139,794,61,682,127,68,9,60,5,39
2018,4,25,239,760,51,755,92,19,21,67,13,78
2018,4,26,153,761,47,792,76,37,15,49,7,73
2018,4,27,181,655,52,727,49,97,24,62,15,65
2018,4,28,191,905,77,852,88,45,20,42,11,79
2018,4,29,159,504,35,599,51,30,20,46,7,49
2018,4,30,200,960,53,953,100,56,22,77,13,86
2018,5,1,224,868,80,834,106,59,33,90,11,62
2018,5,2,188,752,54,756,82,50,19,66,8,61
2018,5,3,207,829,44,807,78,44,19,54,13,50
2018,5,4,243,730,43,711,62,69,33,56,21,71
2018,5,5,240,875,74,914,93,53,20,79,14,46
2018,5,6,132,509,25,494,65,22,18,56,10,42
2018,5,7,191,758,39,767,120,61,30,78,12,83
2018,5,8,135,692,46,794,50,34,28,49,17,48
2018,5,9,217,717,57,789,91,53,20,56,3,60
2018,5,10,249,728,45,820,102,31,26,37,12,74
2018,5,11,92,516,31,482,52,25,9,23,5,39
2018,5,12,177,751,61,754,75,40,18,78,17,46
2018,5,13,131,473,33,489,53,17,7,34,5,36
2018,5,14,217,777,49,787,85,43,12,50,8,64
2018,5,15,127,866,48,842,91,57,23,96,7,56
2018,5,16,191,734,40,767,102,37,24,51,16,50
2018,5,17,221,675,57,752,97,46,38,55,11,67
2018,5,18,78,483,25,554,35,25,17,24,4,63
2018,5,19,209,743,55,647,77,33,14,53,7,44
2018,5,20,78,542,48,535,86,16,18,49,1,48
2018,5,21,237,906,42,797,89,40,36,85,9,63
2018,5,22,157,868,60,846,85,38,25,59,12,68
2018,5,23,168,690,47,660,95,56,37,66,27,58
2018,5,24,169,780,52,681,109,34,24,67,5,30
2018,5,25,115,658,44,627,69,54,14,58,11,55
2018,5,26,334,820,42,702,73,74,19,88,8,48
2018,5,27,108,422,21,441,52,29,7,36,9,53
2018,5,29,264,1031,46,1049,134,76,23,100,16,98
2018,5,30,166,832,52,730,77,50,27,68,12,72
2018,5,31,91,528,60,577,56,29,19,44,12,45
2018,6,1,168,667,33,691,66,41,26,56,13,47
2018,6,2,170,1006,45,834,88,46,29,100,11,52
2018,6,3,133,492,35,451,48,29,9,31,4,38
2018,6,4,232,822,72,791,82,45,19,57,11,49
2018,6,5,237,781,47,862,71,48,30,54,8,61
2018,6,6,153,748,32,755,112,54,18,51,13,61
2018,6,7,170,813,35,704,103,29,12,46,3,38
2018,6,8,143,544,31,556,67,73,10,23,10,55
2018,6,9,197,1053,54,914,61,62,28,102,14,77
2018,6,10,64,556,26,479,52,10,16,15,4,42
2018,6,11,239,1018,64,1036,133,105,49,76,8,76
2018,6,12,220,822,57,803,118,44,31,56,8,52
2018,6,13,149,853,88,844,75,42,28,57,12,86
2018,6,14,196,863,40,824,97,78,26,80,9,47
2018,6,15,94,506,24,474,46,38,12,23,6,47
2018,6,16,164,778,77,789,119,48,19,33,13,73
2018,6,17,86,521,43,448,47,33,13,27,6,43
2018,6,18,169,878,68,824,95,49,22,65,9,51
2018,6,19,151,691,56,762,96,52,33,66,3,59
2018,6,20,202,690,37,665,55,43,7,99,14,77
2018,6,21,160,752,31,763,70,51,33,61,14,60
2018,6,22,178,615,17,591,95,52,22,56,8,34
2018,6,23,190,833,37,809,74,79,29,93,7,52
2018,6,24,92,442,24,434,46,48,11,23,4,35
2018,6,25,181,817,45,746,102,40,29,79,9,66
2018,6,26,137,818,50,904,97,40,30,50,18,60
2018,6,27,187,717,51,768,105,41,20,55,4,77
2018,6,28,157,739,38,763,83,39,17,40,7,69
2018,6,29,167,632,22,572,64,48,14,68,8,36
2018,6,30,266,1039,51,942,96,51,38,87,19,73
2018,7,1,268,673,36,570,69,29,26,42,4,41
2018,7,2,240,966,43,811,96,68,23,94,9,84
2018,7,3,235,910,52,912,86,43,27,55,19,63
2018,7,5,167,850,55,828,72,33,24,61,7,69
2018,7,6,119,557,42,511,55,59,18,43,6,40
2018,7,7,195,776,42,739,103,40,13,40,8,77
2018,7,8,117,524,40,522,53,13,12,37,9,36
2018,7,9,186,852,44,859,97,53,44,83,9,68
2018,7,10,158,851,62,747,75,64,14,63,5,49
2018,7,11,201,696,59,656,72,57,20,54,11,45
2018,7,12,179,754,43,761,70,51,20,61,6,35
2018,7,13,128,705,34,693,76,30,18,76,7,46
2018,7,14,154,869,72,754,69,58,23,46,15,51
2018,7,15,82,435,37,412,37,21,13,26,3,29
2018,7,16,228,912,53,870,111,97,20,55,21,64
2018,7,17,216,975,55,877,75,75,21,49,16,70
2018,7,18,197,681,48,713,71,48,12,62,4,49
2018,7,19,188,690,51,629,69,54,21,49,9,27
2018,7,20,119,472,21,512,46,83,16,20,4,44
2018,7,21,182,716,41,608,92,48,21,47,5,33
2018,7,22,90,558,33,551,45,34,22,37,10,32
2018,7,23,222,937,59,930,85,63,28,51,12,55
2018,7,24,168,790,59,779,80,59,28,86,12,59
2018,7,25,190,598,48,601,88,50,10,51,3,40
2018,7,26,239,773,58,645,64,53,23,68,2,46
2018,7,27,92,614,41,645,109,82,12,24,3,45
2018,7,28,206,695,49,702,76,59,14,39,10,60
2018,7,29,98,389,26,364,30,19,13,24,3,23
2018,7,30,154,794,55,717,95,68,13,71,5,61
2018,7,31,155,736,29,671,64,54,18,58,12,49
2018,8,1,171,728,43,721,99,63,26,67,10,50
2018,8,2,194,671,48,680,88,40,21,53,7,54
2018,8,3,125,537,36,550,86,63,19,44,5,46
2018,8,4,152,710,45,647,122,30,21,51,7,53
2018,8,5,114,512,39,483,40,31,15,39,2,35
2018,8,6,266,835,70,864,89,46,15,70,11,64
2018,8,7,183,655,35,738,102,88,26,46,12,68
2018,8,8,141,646,36,584,91,35,14,45,4,51
2018,8,9,257,713,43,700,73,49,26,50,15,62
2018,8,10,113,588,42,654,79,42,12,43,6,42
2018,8,11,185,817,66,839,97,45,22,65,12,54
2018,8,12,169,635,39,548,44,28,22,17,6,41
2018,8,13,155,877,48,749,105,20,30,67,5,43
2018,8,14,237,812,54,855,108,63,23,50,10,65
2018,8,15,153,846,42,768,60,36,22,68,6,55
2018,8,16,153,692,59,680,75,39,21,52,6,73
2018,8,17,115,555,37,577,60,20,20,34,11,34
2018,8,18,237,754,47,709,96,51,25,65,5,47
2018,8,19,119,505,19,466,49,7,16,29,8,43
2018,8,20,210,902,59,904,98,88,19,64,12,61
2018,8,21,187,722,41,661,62,38,21,70,7,52
2018,8,22,0,4,0,4,1,0,0,0,0,0
2018,9,24,234,890,72,904,111,30,33,76,14,61
2018,9,25,209,670,51,657,80,23,15,62,10,55
2018,9,26,173,738,38,748,86,37,21,50,6,63
2018,9,27,193,831,35,734,99,39,25,49,10,71
2018,9,28,152,605,42,601,69,37,8,61,6,36
2018,9,29,224,734,59,786,85,53,25,66,5,77
2018,9,30,103,638,57,531,87,27,15,43,4,38
2018,10,1,149,819,75,812,117,64,30,60,16,51
2018,10,2,140,822,45,674,80,32,23,44,11,30
2018,10,3,187,913,41,728,123,35,15,59,8,39
2018,10,4,164,723,44,699,94,32,18,51,4,39
2018,10,5,141,468,23,543,64,30,12,49,8,41
2018,10,6,263,874,57,852,60,54,31,55,3,48
2018,10,7,128,436,41,495,58,12,23,42,5,44
2018,10,8,208,663,45,639,72,30,9,71,2,57
2018,10,9,199,930,55,890,66,36,24,50,4,52
2018,10,10,222,684,59,642,118,34,22,30,11,39
2018,10,11,186,730,37,691,96,48,23,56,6,49
2018,10,12,108,596,31,528,61,18,15,28,1,42
2018,10,13,181,710,56,674,83,49,23,61,12,37
2018,10,14,111,543,34,456,87,25,14,56,4,35
2018,10,15,247,892,45,866,93,41,32,66,8,43
2018,10,16,219,790,61,747,78,52,17,77,8,52
2018,10,17,259,776,59,778,67,20,25,47,6,55
2018,10,18,151,708,36,691,67,34,25,44,10,55
2018,10,19,110,501,26,489,66,28,12,23,5,46
2018,10,20,263,816,54,705,66,55,29,80,15,53
2018,10,21,127,529,28,460,54,24,7,49,3,47
2018,10,22,155,715,50,705,75,34,29,62,8,43
2018,10,23,193,604,41,573,47,28,17,59,2,35
2018,10,24,167,678,43,650,83,44,17,43,4,49
2018,10,25,151,702,52,638,101,35,22,45,10,61
2018,10,26,112,634,52,586,76,34,19,70,5,32
2018,10,27,177,885,49,790,103,52,29,67,6,45
2018,10,28,162,536,27,454,66,21,8,27,6,30
2018,10,29,165,673,60,677,75,52,27,57,6,45
2018,10,30,156,753,77,744,69,59,22,39,10,49
2018,10,31,182,607,51,593,58,46,21,70,8,49
2018,11,1,168,798,55,732,83,63,30,52,8,48
2018,11,2,122,543,27,520,69,29,24,40,7,45
2018,11,3,160,888,82,901,100,37,36,84,4,61
2018,11,4,108,483,58,500,40,27,24,22,6,32
2018,11,5,209,823,57,859,130,42,39,81,11,47
2018,11,6,271,738,60,720,81,58,28,66,14,52
2018,11,7,173,726,36,704,102,25,34,64,8,65
2018,11,8,173,818,33,718,88,78,15,76,7,49
2018,11,9,214,635,26,571,80,13,13,40,5,49
2018,11,10,305,991,96,1026,108,52,25,54,16,64
2018,11,12,171,789,46,629,90,40,11,48,12,40
2018,11,13,303,824,67,701,115,56,26,81,10,51
2018,11,14,204,688,55,665,84,48,31,69,10,39
2018,11,15,176,801,69,730,78,46,32,93,6,43
2018,11,16,222,692,37,587,80,35,18,47,15,37
2018,11,17,331,959,74,917,124,60,39,66,10,57
2018,11,18,147,585,29,546,90,46,20,59,15,32
2018,11,19,237,870,72,822,110,43,30,64,9,44
2018,11,20,182,818,58,751,102,33,20,58,3,51
2018,11,21,170,925,61,1013,114,64,39,56,23,74
2018,11,23,152,618,32,558,84,34,21,39,15,20
2018,11,24,204,715,67,639,71,52,27,57,8,28
2018,11,25,136,497,48,477,71,36,14,39,7,30
2018,11,26,217,970,67,955,114,56,29,87,13,59
2018,11,27,231,893,67,776,102,34,28,49,8,60
2018,11,28,167,707,45,657,111,45,18,53,6,54
2018,11,29,242,727,59,710,100,38,26,65,13,34
2018,11,30,264,608,36,639,82,66,18,42,12,48
2018,12,1,311,1104,67,927,92,57,29,87,8,51
2018,12,2,177,586,30,529,53,43,12,33,6,25
2018,12,3,276,850,69,820,85,49,18,46,9,62
2018,12,4,227,644,23,636,88,37,30,75,12,38
2018,12,5,237,777,45,696,98,45,39,57,13,42
2018,12,6,205,945,45,873,133,57,27,50,11,48
2018,12,7,159,629,42,677,64,30,40,55,16,46
2018,12,8,220,949,51,832,118,61,26,59,9,78
2018,12,9,127,569,28,460,66,19,17,16,3,34
2018,12,10,104,970,45,747,89,41,13,32,4,57
2018,12,11,159,611,54,590,60,13,19,56,6,39
2018,12,12,154,860,66,842,109,52,40,55,23,58
2018,12,13,168,690,47,639,69,21,24,53,14,36
2018,12,14,159,623,45,629,47,69,22,85,10,30
2018,12,15,303,956,53,810,107,55,30,80,13,37
2018,12,16,71,422,24,394,49,28,21,35,7,31
2018,12,17,223,949,67,870,106,63,24,66,10,53
2018,12,18,175,828,54,790,96,45,31,63,8,53
2018,12,19,211,757,64,692,90,44,26,78,12,47
2018,12,20,170,712,35,590,88,46,15,59,3,50
2018,12,21,211,772,41,763,80,43,22,57,6,52
2018,12,22,214,666,47,724,105,40,13,50,9,33
2018,12,23,141,609,44,574,72,35,38,85,6,35
2018,12,26,217,1043,59,895,98,32,22,87,13,54
2018,12,27,197,789,62,801,85,61,26,66,9,93
2018,12,28,136,552,28,462,81,23,22,65,7,26
2018,12,29,213,900,66,761,90,23,36,64,8,43
2018,12,30,250,533,41,540,56,36,12,47,5,17
2018,12,31,270,867,68,930,93,93,32,103,20,62
2019,1,2,297,1097,72,990,117,55,39,94,19,73
2019,1,3,190,888,81,669,64,51,21,53,1,57
2019,1,4,148,731,29,712,104,42,10,50,5,42
2019,1,5,278,989,47,1001,116,61,47,102,13,48
2019,1,6,146,621,29,624,93,35,15,23,3,37
2019,1,7,159,946,63,859,106,53,35,85,2,47
2019,1,8,144,635,45,620,94,43,22,39,8,55
2019,1,9,170,869,58,927,123,74,23,81,12,73
2019,1,10,221,949,71,914,106,80,34,93,17,60
2019,1,11,168,694,32,684,90,30,14,36,12,83
2019,1,12,302,1164,95,1075,148,46,28,91,6,80
2019,1,13,136,457,36,468,62,13,21,23,7,19
2019,1,14,241,820,65,734,65,50,24,58,8,40
2019,1,15,170,644,41,581,78,23,19,54,5,34
2019,1,16,340,1010,66,1033,113,89,25,70,15,100
2019,1,17,211,738,52,760,75,49,27,59,8,51
2019,1,18,135,676,51,690,94,58,19,57,9,52
2019,1,19,215,920,58,846,115,52,39,72,13,49
2019,1,20,216,511,38,584,96,29,12,41,10,47
2019,1,22,224,846,40,799,89,30,21,62,8,57
2019,1,23,224,932,103,912,94,50,33,59,12,55
2019,1,24,249,768,52,934,141,65,34,120,23,90
2019,1,25,152,732,38,683,97,41,18,59,10,45
2019,1,26,180,900,54,831,86,55,37,53,18,49
2019,1,27,120,564,32,502,67,23,12,24,6,39
2019,1,28,251,861,102,845,115,42,13,66,15,73
2019,1,29,229,723,33,643,77,47,19,56,8,31
2019,1,30,253,933,88,868,105,53,22,65,9,62
2019,1,31,271,829,86,744,89,30,28,62,12,81
2019,2,1,199,603,24,535,58,27,17,61,9,25
2019,2,2,217,944,76,837,79,49,21,71,10,55
2019,2,3,98,496,37,521,64,28,12,38,4,37
2019,2,4,92,268,14,264,29,9,8,24,6,17
2019,2,5,226,732,39,670,86,42,28,45,12,46
2019,2,6,309,1032,67,969,135,52,18,56,7,65
2019,2,7,299,979,75,1064,149,70,37,86,15,60
2019,2,8,64,207,14,257,30,13,3,12,0,21
2019,2,10,111,462,39,405,63,15,14,27,2,20
2019,2,11,94,317,13,282,28,19,11,12,7,27
2019,2,12,211,493,31,445,51,38,11,44,6,35
2019,2,13,335,952,49,823,106,26,19,64,4,100
2019,2,14,205,786,58,852,77,54,25,52,10,70
2019,2,15,223,692,37,742,99,51,28,63,13,39
2019,2,16,336,1099,69,979,121,65,23,67,7,75
2019,2,17,211,805,46,876,85,63,19,54,13,77
2019,2,19,349,1284,108,1306,158,80,38,80,21,92
2019,2,20,169,786,44,801,98,48,38,68,12,66
2019,2,21,196,697,37,703,80,27,29,33,4,59
2019,2,22,132,616,24,573,67,27,25,62,12,45
2019,2,23,278,907,68,958,123,59,36,52,18,58
2019,2,24,203,634,43,667,78,19,18,33,11,69
2019,2,25,223,832,50,798,111,51,24,59,13,69
2019,2,26,381,756,55,737,83,47,29,61,18,34
2019,2,27,211,959,76,886,93,58,30,64,12,51
2019,2,28,185,677,38,681,49,53,14,59,9,59
2019,3,1,211,732,38,650,45,48,27,85,12,47
2019,3,2,231,1024,79,984,118,64,23,65,12,67
2019,3,3,157,527,14,456,54,39,12,50,6,50
2019,3,4,157,706,58,682,126,41,20,87,13,67
2019,3,5,195,655,49,688,61,66,26,57,9,58
2019,3,6,189,671,33,630,85,67,30,56,3,40
2019,3,7,190,738,36,679,62,40,30,41,8,50
2019,3,8,199,599,50,606,82,30,9,55,9,39
2019,3,9,201,811,68,800,105,27,21,63,5,62
2019,3,10,114,570,44,508,57,31,19,34,5,30
2019,3,11,220,807,59,813,121,74,23,87,10,54
2019,3,12,243,671,46,757,74,44,20,54,8,61
2019,3,13,251,821,37,722,101,40,18,72,8,53
2019,3,14,162,613,41,605,71,36,21,46,14,40
2019,3,15,117,567,30,558,84,18,22,39,12,60
2019,3,16,181,778,58,660,122,50,20,58,5,31
2019,3,17,138,497,34,464,44,28,20,58,6,31
2019,3,18,222,703,54,739,57,41,25,48,10,51
2019,3,19,189,635,34,609,83,44,18,76,10,41
2019,3,20,180,745,39,655,48,51,19,70,19,38
2019,3,21,201,758,33,750,70,56,18,58,26,51
2019,3,22,190,614,32,544,70,25,13,38,11,42
2019,3,23,215,913,53,866,115,44,39,65,19,94
2019,3,24,123,552,34,460,50,17,15,31,1,37
2019,3,25,139,739,47,702,110,36,25,82,5,43
2019,3,26,200,772,54,815,94,45,12,58,16,58
2019,3,28,210,983,37,931,95,68,16,59,25,56
2019,3,29,205,577,40,566,66,37,12,42,6,36
2019,3,30,169,900,67,909,78,60,28,66,8,63
2019,3,31,127,476,41,496,64,24,9,32,10,58
2019,4,1,202,636,43,638,61,34,19,65,8,50
2019,4,2,177,690,72,729,69,55,20,53,17,33
2019,4,3,186,605,45,563,61,33,11,35,14,37
2019,4,4,215,688,51,658,62,38,23,47,8,43
2019,4,5,180,742,75,656,79,21,13,40,16,52
2019,4,6,185,786,55,715,95,62,12,51,11,38
2019,4,7,160,632,42,649,72,27,31,51,9,55
2019,4,8,213,812,48,812,73,44,14,49,5,45
2019,4,9,174,690,58,670,65,34,23,62,9,37
2019,4,10,216,752,58,688,71,50,14,53,6,42
2019,4,11,183,688,57,789,115,61,14,78,19,63
2019,4,12,137,697,60,602,59,27,17,47,14,36
2019,4,13,333,814,41,753,132,52,18,50,19,65
2019,4,14,131,557,39,529,42,21,15,46,15,60
2019,4,15,262,960,81,920,82,34,28,65,17,45
2019,4,16,221,708,50,674,98,55,33,29,18,53
2019,4,17,173,805,39,627,107,41,13,71,8,51
2019,4,18,199,606,73,751,104,64,27,51,14,65
2019,4,19,149,564,26,456,101,29,13,31,7,21
2019,4,20,340,707,54,729,120,35,17,48,10,39
2019,4,21,104,438,30,468,52,15,16,31,11,34
2019,4,22,252,854,45,756,78,51,26,71,20,49
2019,4,23,172,850,51,858,120,41,18,63,25,75
2019,4,24,137,619,70,621,79,49,9,46,8,67
2019,4,25,170,660,31,680,92,44,26,31,7,64
2019,4,26,113,568,76,525,79,27,15,45,4,40
2019,4,27,202,873,51,856,84,39,28,59,6,40
2019,4,28,104,508,28,452,44,27,10,35,9,41
2019,4,29,161,841,51,771,68,55,25,51,10,30
2019,4,30,186,655,56,617,82,38,10,26,2,50
2019,5,1,184,716,80,742,103,44,23,38,17,35
2019,5,2,144,801,40,659,92,56,19,65,15,40
2019,5,3,119,580,31,483,50,35,11,38,9,27
2019,5,4,133,798,84,845,75,53,27,59,21,42
2019,5,5,109,474,20,439,35,19,20,29,8,38
2019,5,6,244,832,56,776,80,43,29,35,7,39
2019,5,7,220,675,48,698,79,45,17,39,14,40
2019,5,8,140,649,60,663,68,25,21,55,8,31
2019,5,9,198,621,42,637,90,35,15,42,10,43
2019,5,10,163,552,51,514,50,24,12,32,1,25
2019,5,11,169,679,46,617,73,29,18,46,14,50
2019,5,12,54,469,28,476,66,17,14,32,5,22
2019,5,13,323,895,66,843,71,51,24,40,8,48
2019,5,14,204,692,42,720,62,93,25,68,14,40
2019,5,15,190,640,55,649,95,42,26,49,9,33
2019,5,16,169,613,46,605,76,38,17,35,14,52
2019,5,17,163,576,34,612,39,31,18,52,25,46
2019,5,18,272,837,59,703,79,35,17,61,12,36
2019,5,19,138,442,42,484,58,28,11,37,7,25
2019,5,20,321,795,53,822,112,53,24,63,11,79
2019,5,21,244,781,58,805,91,53,19,54,10,50
2019,5,22,274,732,39,663,92,34,19,30,15,33
2019,5,23,176,712,46,740,65,50,18,36,7,41
2019,5,24,125,576,34,541,87,23,14,55,14,67
2019,5,25,388,778,32,788,94,52,27,75,6,23
2019,5,26,124,494,42,478,49,11,14,35,8,31
2019,5,28,229,918,64,880,77,38,24,79,12,46
2019,5,29,291,680,39,684,81,54,25,51,9,50
2019,5,30,180,664,40,632,87,27,22,44,8,40
2019,5,31,119,502,25,485,53,36,12,41,5,26
2019,6,1,291,695,37,684,91,39,21,50,28,39
2019,6,2,149,386,40,491,36,24,10,19,9,46
2019,6,3,211,747,37,771,87,46,34,45,13,39
2019,6,4,202,695,65,762,111,40,18,79,13,43
2019,6,5,176,729,49,777,95,53,12,34,12,46
2019,6,6,119,612,52,612,57,46,15,45,16,40
2019,6,7,237,626,34,568,66,30,8,45,2,36
2019,6,8,185,834,41,804,77,59,24,46,18,71
2019,6,9,89,488,30,417,56,13,9,36,3,24
2019,6,10,182,722,52,753,98,49,27,77,9,35
2019,6,11,210,801,53,855,89,35,24,54,11,60
2019,6,12,151,630,35,531,76,46,22,49,18,31
2019,6,13,268,796,27,733,126,52,21,81,6,56
2019,6,14,158,453,37,523,76,24,19,41,8,52
2019,6,15,189,690,57,730,73,54,22,65,5,53
2019,6,16,77,405,28,378,46,11,7,28,6,18
2019,6,17,163,655,74,768,97,40,26,69,7,51
2019,6,18,190,765,66,702,112,46,25,57,13,30
2019,6,19,252,692,51,721,91,53,15,56,20,76
2019,6,20,168,653,33,634,60,40,17,54,15,34
2019,6,21,122,457,13,438,50,37,12,40,6,37
2019,6,22,245,686,59,711,95,47,23,64,23,38
2019,6,23,101,479,10,445,45,21,16,38,6,17
2019,6,24,301,844,47,749,60,35,22,54,14,61
2019,6,25,206,860,51,759,97,52,20,50,8,45
2019,6,26,222,714,65,780,75,62,11,57,15,53
2019,6,27,198,703,27,644,73,33,28,68,8,68
2019,6,28,112,608,77,597,56,24,22,40,6,44
2019,6,29,195,758,50,635,83,24,28,47,13,24
2019,6,30,56,451,18,382,62,38,9,55,9,11
2019,7,1,306,764,66,718,75,40,20,48,23,48
2019,7,2,171,828,47,781,90,47,19,68,9,39
2019,7,3,200,779,62,792,92,54,22,82,7,55
2019,7,5,192,563,22,543,82,56,10,59,13,37
2019,7,6,203,753,93,728,81,49,12,55,11,49
2019,7,7,100,428,28,418,58,41,23,53,4,17
2019,7,8,243,865,69,828,92,74,23,81,11,47
2019,7,9,201,711,32,706,83,42,27,75,30,60
2019,7,10,195,675,73,701,77,50,12,60,6,40
2019,7,11,187,664,27,629,67,40,28,71,10,27
2019,7,12,76,544,29,498,43,45,10,59,10,21
2019,7,13,300,881,75,823,75,49,38,98,28,68
2019,7,14,137,464,40,500,30,17,11,37,4,30
2019,7,15,226,937,41,771,86,68,18,52,8,45
2019,7,16,154,660,46,648,71,48,25,67,8,40
2019,7,17,136,636,50,635,76,37,13,46,13,54
2019,7,18,87,613,37,481,48,40,18,57,11,21
2019,7,19,123,510,22,519,73,32,17,46,7,46
2019,7,20,130,700,54,642,53,40,24,72,7,50
2019,7,21,99,459,27,475,41,28,8,18,6,29
2019,7,22,237,748,57,788,108,50,26,72,19,56
2019,7,23,246,659,52,698,86,45,20,42,12,62
2019,7,24,239,696,60,745,64,34,20,88,8,49
2019,7,25,169,564,43,684,61,33,13,45,11,73
2019,7,26,150,626,52,606,57,57,17,34,16,45
2019,7,27,182,698,58,700,74,52,33,88,13,40
2019,7,28,104,435,23,459,66,28,13,51,7,35
2019,7,29,198,769,46,790,65,49,20,32,13,36
2019,7,30,246,672,32,653,68,33,12,37,5,34
2019,7,31,236,487,34,588,68,62,23,35,13,33
2019,8,1,131,686,40,593,69,24,12,33,3,45
2019,8,2,128,557,39,524,57,41,16,43,17,28
2019,8,3,181,657,36,626,83,26,18,50,14,41
2019,8,4,61,387,36,425,56,39,14,33,3,23
2019,8,5,243,876,86,898,105,84,22,83,16,55
2019,8,6,264,648,59,667,77,37,15,53,13,48
2019,8,7,147,582,29,500,64,36,13,68,12,31
2019,8,8,228,718,35,630,73,34,16,54,9,37
2019,8,9,132,514,47,541,64,31,25,51,4,41
2019,8,10,160,784,54,694,78,32,15,49,14,39
2019,8,11,124,404,30,466,73,35,9,49,9,28
2019,8,12,137,679,49,663,77,80,32,96,16,37
2019,8,13,204,482,34,468,98,18,11,57,5,19
2019,8,14,187,556,39,672,71,42,26,52,12,43
2019,8,15,157,653,48,670,88,28,15,41,8,40
2019,8,16,108,553,32,608,86,32,23,37,15,60
2019,8,17,130,712,31,657,75,56,15,59,16,33
2019,8,18,80,437,44,461,43,27,6,28,13,26
2019,8,19,220,804,54,759,80,38,20,60,11,48
2019,8,20,183,781,126,757,74,35,20,57,21,47
2019,8,21,162,668,39,650,83,43,26,89,9,32
2019,8,22,159,648,26,670,71,21,19,51,14,81
2019,8,23,84,454,27,398,34,47,4,44,2,21
2019,8,24,158,538,35,519,85,26,16,54,5,22
2019,8,25,122,406,35,369,37,52,10,46,4,21
2019,8,26,165,784,37,759,67,43,35,71,12,55
2019,8,27,135,655,46,624,86,50,21,77,9,33
2019,8,28,114,744,100,801,90,47,13,45,11,48
2019,8,29,108,608,63,593,82,40,22,90,13,41
2019,8,30,99,636,24,510,82,32,17,39,11,20
2019,8,31,201,657,55,624,101,74,30,56,4,47
2019,9,1,68,455,24,427,37,23,14,29,6,43
2019,9,3,190,875,43,837,79,55,15,89,6,45
2019,9,4,86,518,37,457,56,28,13,52,5,20
2019,9,5,203,666,48,625,78,57,22,85,6,24
2019,9,6,97,522,34,585,60,25,12,31,13,51
2019,9,7,156,867,52,790,101,28,27,69,9,41
2019,9,8,63,445,25,394,42,12,14,35,1,27
2019,9,9,120,689,30,580,78,99,6,34,2,32
2019,9,10,139,565,41,605,57,35,21,61,7,45
2019,9,11,136,526,36,570,66,41,15,36,10,42
2019,9,12,252,689,28,697,58,55,21,56,17,36
2019,9,13,95,553,52,569,61,32,11,53,25,35
2019,9,15,188,482,32,533,49,43,13,29,14,35
2019,9,16,195,667,33,565,35,19,19,46,15,31
2019,9,17,251,748,66,771,129,49,18,72,13,43
2019,9,18,175,658,29,583,76,45,25,35,13,41
2019,9,19,133,647,41,634,70,47,33,46,9,34
2019,9,20,109,607,53,551,90,37,16,26,18,48
2019,9,21,179,598,37,640,84,65,13,35,7,40
2019,9,22,111,477,34,413,135,29,10,47,13,31
2019,9,23,148,716,57,690,78,39,14,54,14,64
2019,9,24,181,667,61,661,171,39,18,51,11,41
2019,9,25,113,681,25,603,127,40,19,59,9,40
2019,9,26,82,645,57,574,85,66,15,47,18,55
2019,9,27,135,509,25,443,100,14,18,38,16,24
2019,9,28,130,854,36,651,108,34,21,39,10,35
2019,9,29,93,430,27,413,128,24,20,58,4,20
2019,9,30,197,805,75,779,104,40,17,54,13,63
2019,10,1,139,468,36,521,90,41,14,53,4,34
2019,10,2,138,749,49,678,108,46,15,44,10,33
2019,10,3,118,551,41,529,79,34,10,37,3,37
2019,10,4,177,549,51,464,123,41,15,53,8,24
2019,10,5,170,790,53,676,105,43,17,36,7,33
2019,10,6,80,407,19,349,58,22,13,49,4,16
2019,10,7,94,759,63,684,113,55,21,49,10,31
2019,10,8,141,557,42,502,83,43,18,68,10,25
2019,10,9,225,774,45,690,122,56,18,73,10,43
2019,10,10,132,695,69,617,77,26,19,40,8,54
2019,10,11,72,561,31,434,72,31,18,34,4,25
2019,10,12,206,747,46,600,83,66,18,47,10,25
2019,10,13,144,430,22,469,81,25,20,57,5,26
2019,10,14,170,715,80,649,79,39,25,40,4,30
2019,10,15,169,626,33,648,110,48,27,72,3,48
2019,10,16,112,653,41,579,72,33,16,61,7,22
2019,10,17,147,700,61,636,93,40,13,57,3,30
2019,10,18,92,630,65,519,64,45,8,39,11,23
2019,10,19,127,835,64,674,102,54,19,70,10,23
2019,10,20,84,419,24,331,45,17,16,26,7,20
2019,10,21,177,640,31,672,79,28,14,40,8,33
2019,10,22,200,680,51,750,142,56,15,66,9,40
2019,10,23,212,663,40,618,109,37,16,32,29,33
2019,10,24,163,668,58,608,107,69,13,44,5,33
2019,10,25,117,435,40,513,88,56,20,32,6,34
2019,10,26,255,729,36,603,110,67,19,71,4,37
2019,10,27,40,485,13,377,74,43,8,21,16,17
2019,10,28,153,784,26,682,107,35,19,34,5,79
2019,10,29,185,666,33,591,92,32,17,46,17,41
2019,10,30,139,577,32,538,105,34,17,40,6,35
2019,10,31,138,613,39,590,66,44,12,42,10,25
2019,11,1,143,546,33,453,70,25,11,40,9,17
2019,11,2,164,891,42,740,95,42,30,61,13,33
2019,11,3,144,437,29,361,75,48,12,19,9,25
2019,11,4,108,571,34,627,119,47,23,29,14,53
2019,11,5,184,639,55,638,94,50,14,31,8,36
2019,11,6,212,630,30,557,106,49,13,61,6,38
2019,11,7,186,559,47,563,108,44,19,79,12,19
2019,11,8,114,634,65,583,80,37,19,44,12,29
2019,11,9,165,758,43,670,165,35,25,57,5,36
2019,11,10,167,431,40,449,78,42,16,43,3,14
2019,11,12,222,828,58,746,113,88,26,85,11,35
2019,11,13,204,615,49,583,114,61,8,48,5,31
2019,11,14,183,668,43,620,93,38,22,58,21,25
2019,11,15,99,523,54,549,61,59,10,65,14,33
2019,11,16,236,895,52,728,95,84,21,78,10,41
2019,11,17,114,467,32,407,95,24,15,69,7,34
2019,11,18,221,747,41,606,110,37,16,51,15,41
2019,11,19,168,702,35,632,137,57,16,81,5,30
2019,11,20,190,618,27,665,83,75,15,62,13,49
2019,11,21,181,695,28,614,85,77,14,56,8,40
2019,11,22,151,596,23,607,92,39,12,43,10,31
2019,11,23,180,871,61,720,119,68,21,59,9,29
2019,11,24,187,403,27,417,103,36,14,43,4,26
2019,11,25,149,630,37,655,112,63,21,48,12,33
2019,11,26,191,848,28,764,106,54,30,80,12,27
2019,11,27,204,750,23,713,138,70,30,85,10,58
2019,11,29,184,504,31,371,80,26,12,39,9,17
2019,11,30,205,684,36,638,93,35,10,47,12,19
2019,12,1,199,524,24,486,80,14,16,19,4,32
2019,12,2,180,895,56,793,119,57,20,56,15,39
2019,12,3,105,606,39,598,104,61,21,68,9,42
2019,12,4,152,751,55,614,120,26,17,49,16,39
2019,12,5,153,551,25,543,94,57,21,55,11,22
2019,12,6,158,508,36,442,80,34,23,45,9,28
2019,12,7,263,710,48,595,112,58,21,67,7,43
2019,12,8,121,493,41,401,63,38,12,27,9,22
2019,12,9,164,640,49,603,123,49,13,42,3,50
2019,12,10,164,575,30,459,86,30,16,31,5,39
2019,12,11,153,640,41,596,112,39,21,51,20,42
2019,12,12,129,506,33,486,61,39,15,33,11,38
2019,12,13,176,538,29,468,87,34,13,31,9,25
2019,12,14,200,797,52,738,90,40,23,58,9,34
2019,12,15,97,455,38,407,91,33,12,33,1,21
2019,12,16,178,833,59,715,101,38,18,55,6,41
2019,12,17,174,563,53,545,59,40,18,39,13,35
2019,12,18,134,721,48,667,95,45,9,41,8,48
2019,12,19,183,585,39,563,87,26,13,41,4,31
2019,12,20,189,493,35,464,40,30,15,34,6,43
2019,12,21,167,740,40,702,97,91,20,69,9,51
2019,12,22,99,397,37,434,75,30,22,50,8,14
2019,12,23,212,795,55,755,111,56,24,86,14,47
2019,12,26,172,751,34,725,115,35,18,38,7,72
2019,12,27,97,531,26,544,95,31,16,57,0,38
2019,12,28,134,650,21,647,83,43,21,55,13,40
2019,12,29,52,451,30,326,60,31,7,18,7,16
2019,12,30,241,668,44,586,85,42,5,51,15,29
2019,12,31,183,655,32,523,93,40,13,38,9,30
2020,1,2,155,741,61,791,205,37,21,71,30,70
2020,1,3,260,579,42,636,74,25,14,44,6,39
2020,1,4,232,905,64,864,107,49,33,83,24,47
2020,1,5,71,388,28,399,45,38,12,32,2,10
2020,1,6,226,701,57,720,134,48,32,45,21,45
2020,1,7,183,558,24,530,92,59,16,33,16,45
2020,1,8,194,827,39,784,85,56,27,61,20,28
2020,1,9,182,710,33,605,80,44,13,48,8,45
2020,1,10,129,536,29,558,105,39,24,43,6,26
2020,1,11,359,840,50,785,145,89,25,59,12,50
2020,1,12,170,510,38,428,95,20,19,40,4,18
2020,1,13,155,640,34,616,83,40,17,38,4,40
2020,1,14,145,577,35,528,43,37,19,64,6,29
2020,1,15,197,646,19,498,101,44,13,67,8,38
2020,1,16,139,624,52,596,81,50,21,63,6,28
2020,1,17,119,608,24,593,73,48,28,56,12,42
2020,1,18,250,866,52,802,152,56,22,71,17,65
2020,1,19,145,472,21,480,47,18,16,34,3,19
2020,1,21,279,852,45,788,69,41,27,93,22,54
2020,1,22,89,639,42,638,115,30,32,54,7,30
2020,1,23,177,685,44,601,97,43,23,56,6,39
2020,1,24,224,532,31,541,96,50,19,74,8,48
2020,1,25,148,912,67,828,123,78,22,66,19,45
2020,1,26,167,634,32,529,81,28,9,51,4,29
2020,1,27,138,735,33,586,97,45,19,55,9,34
2020,1,28,170,739,34,720,83,59,20,49,15,31
2020,1,29,135,748,67,746,101,39,24,45,4,41
2020,1,30,206,812,25,798,103,59,37,85,7,55
2020,1,31,108,612,47,597,81,21,19,54,11,24
2020,2,1,306,971,55,766,138,49,26,84,16,33
2020,2,2,170,615,54,480,96,27,9,25,10,39
2020,2,10,212,530,30,585,84,36,28,43,11,33
2020,2,11,152,646,45,591,65,43,17,50,10,32
2020,2,12,243,795,42,755,100,42,12,41,6,76
2020,2,13,112,601,31,498,108,51,16,64,14,31
2020,2,14,180,557,45,539,66,33,11,41,6,41
2020,2,15,221,856,40,761,115,37,32,51,14,49
2020,2,16,179,836,37,642,88,41,17,60,25,52
2020,2,18,233,1074,41,892,108,69,21,51,22,48
2020,2,19,123,661,32,621,84,29,25,40,10,40
2020,2,20,135,714,21,568,86,60,14,56,10,40
2020,2,21,200,561,27,631,82,48,16,55,9,57
2020,2,22,205,923,46,840,133,67,30,64,15,42
2020,2,23,206,592,55,555,65,25,17,48,10,49
2020,2,24,154,679,50,598,64,70,22,31,12,58
2020,2,25,199,680,54,604,71,38,22,53,15,26
2020,2,26,184,818,67,816,130,53,26,64,13,43
2020,2,27,172,723,46,679,107,52,11,53,8,53
2020,2,28,170,613,34,532,72,13,11,48,15,30
2020,2,29,231,828,58,753,84,23,24,51,10,38
2020,3,1,147,584,28,511,75,15,10,32,6,31
2020,3,2,182,687,38,616,90,39,14,37,12,22
2020,3,4,204,804,51,799,134,52,34,90,8,48
2020,3,5,197,648,32,569,90,29,22,64,9,25
2020,3,6,176,540,14,471,55,20,8,57,5,23
2020,3,7,191,927,48,741,87,42,18,48,17,76
2020,3,8,129,514,27,505,105,42,14,33,9,37
2020,3,9,154,761,59,726,105,38,16,70,17,36
2020,3,10,146,697,32,632,75,32,22,55,15,31
2020,3,11,176,654,42,550,121,25,16,41,6,20
2020,3,12,191,663,33,541,69,32,17,41,18,27
2020,3,13,402,1647,116,1477,211,118,55,152,27,130
2020,4,7,0,0,0,3,0,2,0,0,0,0
2020,7,25,0,0,0,0,0,0,0,0,0,0
2020,8,6,0,2,0,4,0,0,0,0,0,1
2020,8,8,0,2,0,6,2,0,0,0,0,0
2020,8,11,2,12,4,17,6,0,0,0,0,2
2020,8,13,0,12,0,24,0,0,0,0,0,3
2020,8,14,0,4,0,6,0,1,0,0,0,0
2020,8,15,4,32,3,15,4,0,1,2,1,0
2020,8,17,0,4,0,8,0,0,0,0,0,0
2020,8,18,16,12,2,21,5,8,0,1,0,0
2020,8,19,10,16,0,16,2,0,0,0,0,1
2020,8,20,3,52,2,57,5,0,2,2,0,9
2020,8,21,6,43,0,16,10,2,2,1,1,0
2020,8,22,16,30,1,29,14,0,1,0,0,4
2020,8,23,0,2,0,0,4,0,0,0,0,0
2020,8,24,0,19,0,3,7,7,0,1,0,1
2020,8,25,14,28,4,40,9,1,1,5,0,2
2020,8,26,7,22,0,27,4,0,1,5,1,11
2020,8,27,11,115,16,121,8,14,2,11,3,3
2020,8,28,9,47,6,50,5,5,1,3,0,1
2020,8,29,90,178,17,198,25,12,4,16,6,11
2020,8,30,53,51,1,47,1,7,0,5,0,1
2020,8,31,2,28,5,28,2,1,0,3,0,1
2020,9,1,59,245,9,226,66,12,3,21,4,13
2020,9,2,33,120,1,154,37,17,8,10,3,16
2020,9,3,44,252,23,236,41,8,4,11,2,15
2020,9,4,38,136,16,167,24,8,8,13,2,6
2020,9,5,39,214,30,222,39,18,7,9,2,8
2020,9,6,52,212,5,158,18,5,3,7,0,4
2020,9,8,12,50,1,44,2,2,1,3,3,1
2020,9,9,66,221,20,221,23,35,9,19,2,11
2020,9,10,55,213,17,206,35,24,5,10,2,8
2020,9,11,19,65,4,104,16,0,2,8,1,2
2020,9,12,7,58,3,39,6,0,1,11,1,2
2020,9,13,22,99,4,82,8,7,7,11,3,3
2020,9,14,54,90,1,73,15,25,2,15,2,1
2020,9,15,5,14,3,21,10,0,1,3,0,2
2020,9,16,20,99,10,123,12,0,3,8,2,10
2020,9,17,39,99,7,119,15,9,2,1,0,5
2020,9,18,22,86,3,103,9,9,3,4,1,6
2020,9,20,21,80,10,90,17,9,3,6,2,3
2020,9,21,51,181,17,135,31,2,3,11,1,7
2020,9,22,48,146,8,146,26,28,5,15,2,7
2020,9,23,19,125,11,189,39,6,2,25,1,31
2020,9,24,30,110,14,117,10,10,4,8,2,8
2020,9,25,29,110,3,89,28,22,6,22,1,2
2020,9,26,37,112,14,139,15,9,5,12,5,5
2020,9,27,0,3,0,5,0,2,0,0,0,1
2020,9,28,24,98,11,151,28,26,1,1,1,2
2020,9,29,54,166,16,138,11,17,6,23,1,3
2020,9,30,43,129,13,95,11,2,1,8,0,3
2020,10,1,21,115,8,124,14,6,4,6,3,10
2020,10,2,22,101,17,155,15,11,11,19,5,7
2020,10,3,18,100,5,140,24,11,6,9,4,11
2020,10,4,0,0,0,1,1,0,0,0,0,0
2020,10,5,15,90,5,86,14,11,1,2,0,2
2020,10,6,45,254,21,204,28,15,5,24,4,8
2020,10,7,41,128,16,181,21,24,3,14,0,10
2020,10,8,56,201,15,170,19,4,5,7,1,9
2020,10,9,27,61,6,99,22,6,2,3,1,3
2020,10,10,48,231,20,237,16,15,5,9,2,9
2020,10,11,4,13,0,15,2,0,0,0,1,0
2020,10,12,16,114,6,138,29,7,1,3,1,8
2020,10,13,61,162,18,198,38,20,3,9,1,15
2020,10,14,21,125,9,141,13,24,2,8,0,12
2020,10,15,57,224,16,217,34,10,13,25,3,14
2020,10,16,42,136,10,172,16,10,5,11,0,10
2020,10,17,67,230,16,209,26,14,5,13,3,9
2020,10,18,16,51,1,64,14,8,1,2,1,3
2020,10,19,30,85,10,84,7,20,1,15,1,4
2020,10,20,86,252,19,234,26,12,4,23,8,14
2020,10,21,28,105,14,149,29,3,2,13,0,17
2020,10,22,39,205,16,230,26,23,8,7,2,10
2020,10,23,26,282,23,236,39,19,7,21,0,14
2020,10,24,72,249,12,201,25,20,4,12,3,7
2020,10,25,15,106,6,116,25,11,1,0,0,3
2020,10,26,7,67,3,49,21,2,1,7,0,0
2020,10,27,70,264,28,230,31,10,7,27,1,12
2020,10,28,40,146,8,134,19,7,5,9,1,13
2020,10,29,45,264,20,321,56,21,8,21,9,17
2020,10,30,26,225,16,218,35,20,1,13,1,6
2020,10,31,73,280,17,291,24,21,9,21,4,9
2020,11,1,16,89,9,95,5,3,3,7,2,4
2020,11,2,4,9,0,21,0,0,0,1,0,1
2020,11,3,28,30,1,44,0,2,4,5,0,0
2020,11,4,50,137,7,125,23,6,5,11,5,2
2020,11,5,71,306,17,331,72,36,12,31,7,9
2020,11,6,52,132,14,131,27,8,1,14,6,1
2020,11,7,66,261,20,272,30,20,15,20,6,7
2020,11,8,26,80,6,68,12,0,2,4,1,3
2020,11,9,54,122,14,130,19,4,6,11,1,10
2020,11,10,118,321,20,304,46,26,10,25,3,22
2020,11,12,58,179,4,172,22,17,6,17,1,13
2020,11,13,59,279,10,239,28,4,3,10,1,5
2020,11,14,33,280,25,252,46,9,11,33,0,7
2020,11,15,16,98,4,95,14,14,0,2,3,9
2020,11,16,8,68,3,58,18,6,0,9,0,1
2020,11,17,60,185,5,169,28,13,13,14,1,4
2020,11,18,36,191,14,170,20,10,2,12,1,9
2020,11,19,44,329,11,252,30,18,13,40,3,10
2020,11,20,61,178,16,184,23,24,6,22,3,19
2020,11,21,84,312,25,253,23,18,8,22,4,9
2020,11,22,24,70,6,75,14,10,2,2,0,2
2020,11,23,14,98,13,104,22,15,5,2,1,6
2020,11,24,45,296,17,305,42,26,9,13,3,17
2020,11,25,25,100,9,127,22,12,4,8,1,22
2020,11,27,18,101,12,132,17,7,12,13,2,6
2020,11,28,104,385,21,398,48,22,9,40,11,15
2020,11,29,30,76,11,74,17,17,2,6,1,6
2020,11,30,20,49,7,72,15,8,4,6,1,4
2020,12,1,72,322,30,311,71,28,7,20,2,11
2020,12,2,38,141,9,143,20,21,0,12,3,4
2020,12,3,63,320,27,255,35,19,4,38,2,12
2020,12,4,54,189,8,225,32,18,4,10,4,12
2020,12,5,89,395,41,344,54,25,15,31,2,10
2020,12,6,24,103,7,121,22,11,2,14,0,5
2020,12,7,14,68,2,75,3,5,3,1,1,0
2020,12,8,145,379,16,357,54,17,15,15,6,16
2020,12,9,44,158,3,165,26,15,5,14,2,9
2020,12,10,55,352,22,318,38,33,7,22,3,9
2020,12,11,55,274,19,256,51,14,3,14,2,9
2020,12,12,74,443,33,429,40,34,10,24,2,23
2020,12,13,64,123,7,139,22,17,8,13,5,4
2020,12,14,25,37,4,44,0,4,1,3,1,3
2020,12,15,84,357,20,261,69,16,12,33,9,14
2020,12,16,46,132,12,138,34,12,4,5,3,3
2020,12,17,103,230,17,291,30,12,10,18,10,17
2020,12,18,55,251,28,299,40,24,8,20,3,20
2020,12,19,74,406,53,394,46,21,7,16,2,16
2020,12,20,26,148,10,116,27,10,6,12,2,4
2020,12,21,14,42,3,44,7,8,0,4,0,1
2020,12,22,63,323,23,274,50,18,7,14,5,14
2020,12,23,25,100,3,96,37,19,3,13,3,5
2020,12,26,70,280,22,284,40,7,6,18,7,14
2020,12,27,32,139,8,153,24,3,0,6,2,11
2020,12,28,11,37,0,67,7,1,1,6,0,25
2020,12,29,100,366,35,324,56,19,8,30,7,5
2020,12,30,72,281,17,261,45,21,4,10,1,11
2020,12,31,97,287,18,317,35,33,11,20,4,20
2021,1,2,48,131,18,207,19,13,7,16,4,7
2021,1,3,20,158,20,122,17,10,0,5,1,9
2021,1,4,1,23,0,12,2,1,0,9,0,1
2021,1,5,95,384,37,327,88,10,13,28,10,11
2021,1,6,63,122,11,153,21,8,8,10,1,8
2021,1,7,99,405,30,416,69,21,12,30,5,20
2021,1,8,37,143,6,151,18,9,7,23,4,13
2021,1,9,85,398,34,358,30,31,10,16,5,14
2021,1,10,34,110,8,146,20,5,7,14,4,14
2021,1,11,7,25,2,14,2,3,0,1,0,0
2021,1,13,82,174,19,184,29,20,2,20,1,9
2021,1,14,97,379,33,411,58,38,7,44,3,17
2021,1,15,58,122,2,130,30,4,2,12,4,4
2021,1,16,50,311,23,321,33,23,2,19,3,12
2021,1,17,51,171,7,171,20,6,2,19,3,12
2021,1,19,56,227,15,248,46,24,9,14,5,7
2021,1,20,95,201,16,245,36,24,4,15,3,32
2021,1,21,69,374,28,446,39,26,15,38,9,17
2021,1,22,72,391,19,399,39,43,6,24,5,19
2021,1,23,135,424,19,411,42,12,16,13,4,20
2021,1,24,41,124,6,169,28,8,5,10,2,10
2021,1,25,0,10,0,6,0,0,0,0,0,0
2021,1,26,109,415,28,442,36,28,17,43,4,39
2021,1,27,94,300,7,324,50,13,7,19,5,11
2021,1,28,110,456,40,345,46,38,11,16,0,11
2021,1,29,171,471,58,592,79,35,14,36,6,42
2021,1,30,80,317,46,444,37,30,17,20,14,19
2021,1,31,55,199,8,273,39,7,12,16,3,22
2021,2,1,0,3,0,7,0,0,0,0,0,0
2021,2,2,108,399,27,448,71,26,26,44,4,20
2021,2,3,86,442,20,466,48,21,18,25,3,34
2021,2,4,76,323,35,363,43,15,10,31,12,23
2021,2,5,128,315,22,396,49,56,14,25,4,36
2021,2,6,115,431,30,429,32,14,5,20,4,27
2021,2,7,47,162,20,176,23,9,7,9,1,8
2021,2,8,0,2,0,4,2,0,0,0,0,0
2021,2,9,111,334,30,375,44,23,16,33,12,24
2021,2,10,165,511,27,574,77,51,16,37,9,42
2021,2,11,94,332,35,283,35,9,7,44,5,14
2021,2,12,96,242,19,331,36,15,17,19,5,56
2021,2,16,51,181,12,178,33,16,4,26,5,23
2021,2,17,111,316,14,348,55,28,23,42,4,42
2021,2,18,92,239,12,219,35,12,13,12,1,38
2021,2,19,203,291,36,390,63,21,9,57,9,22
2021,2,20,92,330,43,388,35,24,13,23,14,28
2021,2,21,70,165,13,185,29,14,6,12,3,6
2021,2,22,0,0,0,6,0,6,0,0,0,0
2021,2,23,127,360,33,402,46,21,9,30,4,22
2021,2,24,98,407,34,409,34,21,11,23,4,36
2021,2,25,69,216,9,268,28,24,7,21,10,14
2021,2,26,179,471,35,498,94,22,22,50,8,35
2021,2,27,68,240,38,278,20,7,16,23,3,20
2021,2,28,69,204,14,212,15,15,8,13,5,24
2021,3,1,0,0,0,1,0,0,0,0,0,0
2021,3,2,56,365,15,318,66,15,6,19,5,18
2021,3,3,109,443,31,413,63,29,14,29,9,22
2021,3,4,76,224,27,197,39,23,5,20,2,16
2021,3,5,100,316,49,332,47,40,17,27,5,13
2021,3,6,74,229,19,242,22,9,9,22,13,16
2021,3,7,35,206,16,175,48,14,7,14,1,19
2021,3,8,2,0,0,0,0,1,0,0,0,0
2021,3,9,96,417,27,400,65,34,13,24,5,25
2021,3,10,120,342,25,349,50,18,11,28,12,43
2021,3,11,55,145,27,170,28,8,4,17,0,14
2021,3,12,112,323,22,308,58,25,6,15,4,13
2021,3,13,78,246,20,229,48,18,5,16,1,11
2021,3,14,86,221,44,253,26,10,11,17,5,7
2021,3,15,3,4,0,6,0,3,0,3,0,0
2021,3,16,189,384,28,465,58,39,6,23,5,27
2021,3,17,100,413,26,449,68,17,8,36,16,30
2021,3,18,94,251,18,259,43,15,7,18,6,12
2021,3,19,120,352,30,418,73,23,14,20,4,15
2021,3,20,124,300,18,309,59,29,6,27,3,10
2021,3,21,38,190,11,176,17,30,5,18,1,9
2021,3,22,4,0,0,6,2,5,0,0,0,0
2021,3,23,111,373,14,349,60,20,15,31,7,15
2021,3,24,83,361,14,386,58,31,12,22,5,45
2021,3,25,103,163,6,225,38,8,6,18,3,12
2021,3,26,95,443,15,369,68,35,9,25,4,13
2021,3,27,62,206,15,216,34,22,13,19,3,12
2021,3,28,49,130,20,155,15,7,5,10,0,5
2021,3,29,0,0,0,0,0,0,0,0,0,0
2021,3,30,126,280,37,346,40,35,6,24,8,15
2021,3,31,131,432,31,366,54,28,10,37,11,12
2021,4,1,141,258,17,331,35,33,11,12,2,14
2021,4,2,141,513,40,414,69,11,20,33,9,25
2021,4,3,54,265,6,222,40,5,5,29,1,14
2021,4,4,47,145,9,160,30,13,8,7,2,6
2021,4,6,111,270,24,291,39,17,8,40,3,8
2021,4,7,151,385,43,437,70,22,25,42,9,24
2021,4,8,131,288,11,269,19,8,12,17,5,20
2021,4,9,56,360,23,377,74,32,8,25,8,28
2021,4,10,71,252,10,247,29,27,7,11,2,14
2021,4,11,47,241,22,193,9,11,5,19,2,5
2021,4,12,13,0,0,1,3,5,0,0,0,0
2021,4,13,107,269,18,235,57,12,7,39,0,23
2021,4,14,120,297,16,365,33,22,10,30,7,13
2021,4,15,64,243,17,170,30,6,11,15,4,10
2021,4,16,73,289,21,305,58,16,6,14,5,11
2021,4,17,69,230,10,221,14,32,6,16,3,9
2021,4,18,64,196,9,199,34,35,3,33,3,6
2021,4,19,0,1,3,3,2,4,0,0,0,0
2021,4,20,102,352,20,290,53,14,14,21,6,17
2021,4,21,91,358,29,417,36,48,19,42,12,19
2021,4,22,60,211,24,208,39,14,5,11,7,6
2021,4,23,108,450,18,362,60,26,13,36,6,23
2021,4,24,39,201,28,211,15,13,4,15,6,15
2021,4,25,45,109,14,170,28,9,8,17,5,5
2021,4,26,0,8,2,8,0,1,0,1,0,0
2021,4,27,125,216,28,273,38,31,13,21,6,24
2021,4,28,98,366,9,331,48,13,7,34,15,14
2021,4,29,89,282,22,253,43,25,7,40,5,13
2021,4,30,126,370,12,277,49,26,3,7,2,5
2021,5,1,78,239,14,224,35,14,8,24,3,19
2021,5,2,44,177,8,149,10,11,3,10,5,7
2021,5,4,156,347,11,297,42,25,8,36,2,15
2021,5,5,147,371,8,348,58,29,5,25,11,12
2021,5,6,55,186,18,245,10,22,7,16,4,8
2021,5,7,96,369,37,316,28,33,14,16,16,20
2021,5,8,79,285,20,252,20,15,5,19,8,7
2021,5,9,39,126,8,134,16,3,4,8,2,6
2021,5,10,0,0,0,4,0,3,0,0,0,0
2021,5,11,73,300,17,311,50,18,8,31,5,18
2021,5,12,163,509,36,437,51,34,12,39,6,15
2021,5,13,76,174,6,171,16,11,10,18,4,17
2021,5,14,82,289,25,354,54,18,9,32,3,23
2021,5,15,48,275,8,226,29,39,5,27,6,3
2021,5,16,90,178,18,187,10,10,1,12,1,5
2021,5,17,0,1,0,1,3,1,1,0,0,0
2021,5,18,73,426,16,443,89,39,22,37,10,20
2021,5,19,135,462,23,448,71,22,8,21,14,9
2021,5,20,67,290,8,294,18,28,4,25,6,15
2021,5,21,128,292,25,335,70,9,11,12,2,6
2021,5,22,103,222,14,252,17,19,7,14,6,20
2021,5,23,42,198,14,163,31,8,5,12,3,17
2021,5,24,0,3,0,7,0,4,0,0,0,0
2021,5,25,100,364,13,257,49,14,7,24,6,10
2021,5,26,75,527,42,458,47,38,13,29,5,29
2021,5,27,42,146,7,188,14,12,5,12,3,35
2021,5,28,98,466,39,485,52,23,13,50,12,26
2021,5,29,66,296,44,260,39,12,5,15,5,17
2021,5,30,36,141,17,161,14,19,4,8,0,3
2021,6,1,87,290,8,186,37,25,7,18,2,10
2021,6,2,76,331,11,289,23,15,8,22,6,10
2021,6,3,18,256,19,230,38,22,5,27,1,9
2021,6,4,46,426,18,320,41,16,11,27,6,9
2021,6,5,94,332,15,305,33,18,12,38,4,13
2021,6,6,51,167,7,147,25,12,6,29,5,3
2021,6,7,0,0,0,0,0,0,0,0,0,0
2021,6,8,71,334,22,321,64,21,22,41,14,11
2021,6,9,147,323,26,342,32,49,14,43,7,16
2021,6,10,89,374,20,377,28,49,13,26,5,20
2021,6,11,84,350,16,377,43,34,8,33,7,16
2021,6,12,74,281,20,235,34,17,3,24,0,12
2021,6,13,48,109,9,162,39,13,9,16,4,8
2021,6,14,3,2,0,3,2,2,0,0,0,0
2021,6,15,109,407,12,322,97,56,10,45,7,12
2021,6,16,154,577,39,527,71,35,24,47,15,27
2021,6,17,58,398,19,334,38,20,9,19,10,13
2021,6,18,72,456,25,339,63,28,12,38,4,8
2021,6,19,82,184,25,195,11,16,6,6,6,23
2021,6,20,36,179,16,159,15,15,4,6,0,9
2021,6,21,0,2,0,0,0,0,0,0,0,0
2021,6,22,111,474,26,426,49,27,14,38,6,20
2021,6,23,270,563,21,547,91,38,27,77,9,68
2021,6,24,120,324,13,316,37,25,12,28,3,11
2021,6,25,102,345,19,336,53,30,13,34,6,11
2021,6,26,36,227,9,153,19,17,7,10,6,10
2021,6,27,30,214,11,181,18,3,2,18,2,8
2021,6,28,8,34,0,20,12,10,0,1,0,4
2021,6,29,84,356,29,328,53,13,11,18,7,18
2021,6,30,81,563,36,442,82,33,12,56,6,26
2021,7,1,99,309,25,323,35,24,7,17,7,23
2021,7,2,114,463,39,530,81,44,19,45,19,23
2021,7,3,87,325,15,272,20,27,8,24,5,14
2021,7,5,0,9,0,14,2,1,0,0,0,4
2021,7,6,61,336,13,312,63,17,7,23,2,15
2021,7,7,167,587,32,527,87,41,11,61,7,25
2021,7,8,93,332,27,269,26,37,4,18,4,16
2021,7,9,148,486,28,550,82,34,15,51,11,23
2021,7,10,74,225,16,262,22,16,5,17,2,24
2021,7,11,54,316,13,311,48,18,9,23,8,10
2021,7,12,10,59,9,65,9,6,4,1,0,8
2021,7,13,142,393,23,348,48,24,11,32,6,18
2021,7,14,96,528,56,516,67,39,15,40,7,20
2021,7,15,50,361,14,345,31,12,7,25,4,27
2021,7,16,124,547,19,463,51,22,5,42,7,16
2021,7,17,57,285,15,291,28,26,17,24,12,18
2021,7,18,38,249,19,231,41,13,8,22,2,15
2021,7,19,37,94,5,134,5,11,2,2,0,5
2021,7,20,150,454,26,466,67,38,13,32,8,23
2021,7,21,125,508,24,542,58,15,14,18,5,69
2021,7,22,95,383,12,335,41,23,7,22,2,20
2021,7,23,52,393,23,368,48,36,14,25,9,21
2021,7,24,53,173,22,235,44,16,6,15,9,16
2021,7,25,72,261,22,265,29,23,8,10,3,15
2021,7,26,24,43,1,63,1,4,3,5,3,3
2021,7,27,114,499,35,460,59,33,12,34,7,37
2021,7,28,125,560,37,462,78,28,14,29,5,25
2021,7,29,83,323,10,280,38,9,7,61,2,14
2021,7,30,96,339,14,316,51,32,10,17,1,9
2021,7,31,62,416,18,351,69,28,6,29,0,16
2021,8,1,88,232,16,232,30,16,7,20,2,4
2021,8,2,23,96,7,98,15,10,2,1,1,4
2021,8,3,117,552,18,454,74,26,15,45,7,26
2021,8,4,92,505,37,458,60,38,18,59,5,44
2021,8,5,61,352,20,276,44,3,14,71,5,11
2021,8,6,125,559,59,529,52,32,7,47,12,29
2021,8,7,121,330,11,304,63,69,5,16,4,10
2021,8,8,52,218,14,272,52,15,12,26,12,18
2021,8,9,12,97,2,97,6,3,0,2,0,0
2021,8,10,97,541,23,521,67,41,8,48,6,32
2021,8,11,90,459,66,469,41,30,16,42,6,26
2021,8,12,111,292,37,266,46,10,6,21,5,15
2021,8,13,109,359,41,352,40,19,10,34,7,26
2021,8,14,97,277,6,249,44,37,10,20,2,11
2021,8,15,96,522,11,393,57,33,19,43,4,16
2021,8,16,7,76,2,72,1,3,0,8,1,4
2021,8,17,119,454,66,429,53,35,10,28,9,14
2021,8,18,141,534,23,487,82,44,15,43,6,17
2021,8,19,74,350,21,355,35,21,14,28,9,17
2021,8,20,151,532,37,426,56,21,7,26,6,10
2021,8,21,67,308,11,303,36,30,4,16,2,15
2021,8,22,70,405,21,336,52,16,14,22,3,10
2021,8,23,15,71,20,73,4,2,6,1,1,3
2021,8,24,135,554,21,444,80,24,23,40,9,33
2021,8,25,161,674,38,601,97,45,22,52,8,42
2021,8,26,72,362,41,321,32,3,5,29,2,32
2021,8,27,143,499,21,464,95,24,8,29,5,13
2021,8,28,106,306,16,241,43,1,4,12,2,21
2021,8,29,32,329,20,252,32,15,9,8,4,8
2021,8,30,14,75,4,53,6,5,0,0,0,1
2021,8,31,128,500,16,385,54,27,21,30,7,31
2021,9,1,110,575,28,453,72,40,14,49,5,17
2021,9,2,92,366,11,325,33,17,13,20,8,17
2021,9,3,111,408,29,467,104,40,23,44,11,21
2021,9,4,145,402,20,347,33,16,16,20,9,16
2021,9,5,87,249,34,238,39,17,6,13,2,10
2021,9,7,131,450,23,448,80,38,15,13,1,23
2021,9,8,134,380,20,363,40,47,11,47,7,22
2021,9,9,95,394,33,358,61,33,14,33,2,19
2021,9,10,110,486,35,405,43,14,27,28,1,15
2021,9,11,76,445,30,378,38,13,12,35,7,23
2021,9,12,54,302,20,258,43,30,9,21,4,8
2021,9,13,99,223,13,246,43,34,7,30,9,14
2021,9,14,86,622,33,536,78,31,18,52,13,27
2021,9,15,114,488,48,424,60,30,6,28,6,26
2021,9,16,107,391,11,336,40,23,14,22,1,18
2021,9,17,94,321,11,409,54,22,13,26,6,14
2021,9,18,82,374,17,323,56,61,16,32,3,23
2021,9,19,174,412,43,342,54,20,12,23,2,12
2021,9,20,101,457,23,402,41,12,16,28,5,16
2021,9,21,135,414,17,414,69,32,12,31,7,50
2021,9,22,75,347,10,334,57,24,14,16,6,61
2021,9,23,93,438,24,372,70,16,15,44,2,13
2021,9,24,109,494,22,464,66,35,18,72,4,20
2021,9,25,93,305,10,234,21,15,9,21,4,24
2021,9,26,45,353,15,302,56,20,11,29,8,8
2021,9,27,129,385,20,375,36,23,13,33,12,19
2021,9,28,104,477,13,325,70,32,18,29,10,14
2021,9,29,84,499,20,475,84,28,19,29,2,15
2021,9,30,113,404,23,371,52,34,11,50,8,17
2021,10,1,91,370,18,316,64,16,12,28,4,18
2021,10,2,81,315,14,280,39,20,7,18,1,25
2021,10,3,66,183,33,181,15,13,7,12,1,8
2021,10,4,100,412,18,335,29,10,14,32,5,20
2021,10,5,77,407,11,312,69,20,12,28,5,22
2021,10,6,79,312,27,293,62,30,10,38,5,21
2021,10,7,139,481,26,350,51,28,12,31,11,15
2021,10,8,81,343,17,301,27,25,19,40,7,21
2021,10,9,101,317,34,344,20,39,11,31,9,18
2021,10,10,127,330,35,345,39,32,17,26,13,10
2021,10,11,76,301,13,291,71,30,16,27,4,28
2021,10,12,107,365,34,361,50,6,19,40,8,33
2021,10,13,60,432,16,386,65,32,10,22,0,18
2021,10,14,90,392,28,371,49,15,12,22,7,11
2021,10,15,83,397,14,337,35,25,7,29,11,13
2021,10,16,41,292,12,260,36,15,16,13,9,10
2021,10,17,58,268,9,258,56,20,9,17,3,2
2021,10,18,135,450,42,387,29,27,16,40,5,16
2021,10,19,66,533,39,472,72,44,11,32,6,19
2021,10,20,78,381,27,350,26,11,10,30,13,30
2021,10,21,71,408,22,429,71,27,18,34,17,27
2021,10,22,100,318,19,355,36,32,15,43,5,19
2021,10,23,86,467,24,375,50,27,7,42,1,30
2021,10,24,36,254,19,191,24,14,7,20,2,15
2021,10,25,110,327,27,315,41,31,10,23,7,25
2021,10,26,128,555,18,429,101,43,14,63,4,22
2021,10,27,109,415,20,364,41,28,13,31,14,29
2021,10,28,99,443,17,293,39,10,11,24,6,9
2021,10,29,97,374,8,334,36,18,16,35,3,30
2021,10,30,66,474,31,393,44,11,15,15,8,19
2021,10,31,64,251,10,186,42,24,5,30,2,3
2021,11,1,41,416,18,353,29,16,16,17,10,12
2021,11,2,164,436,35,390,39,22,17,52,11,16
2021,11,3,77,319,14,319,71,31,6,16,1,20
2021,11,4,45,427,22,332,54,12,12,28,5,14
2021,11,5,105,274,19,261,39,20,12,42,2,11
2021,11,6,80,349,17,280,37,14,9,25,10,14
2021,11,7,95,235,14,242,38,35,9,38,3,11
2021,11,8,121,462,13,328,45,17,7,30,4,18
2021,11,9,82,354,15,326,16,9,4,42,7,18
2021,11,10,145,583,24,516,71,19,19,33,5,26
2021,11,11,0,0,0,0,8,0,0,0,0,0
2021,11,12,106,559,23,430,70,31,12,32,10,32
2021,11,13,152,425,20,421,62,21,9,34,7,48
2021,11,14,93,345,16,339,33,19,11,33,6,11
2021,11,15,93,433,14,339,65,23,6,29,1,28
2021,11,16,69,528,30,387,58,24,16,24,9,28
2021,11,17,127,506,39,504,74,32,18,65,8,38
2021,11,18,126,535,21,388,66,25,17,33,14,23
2021,11,19,52,354,11,324,39,16,15,32,4,9
2021,11,20,110,454,21,397,44,18,9,28,5,18
2021,11,21,142,313,15,300,37,30,10,22,5,16
2021,11,22,87,337,18,269,52,14,4,28,2,17
2021,11,23,101,466,15,358,42,28,11,49,4,24
2021,11,24,63,465,19,424,51,26,14,16,1,26
2021,11,26,122,304,15,280,48,19,9,35,8,8
2021,11,27,83,261,7,225,37,11,9,16,3,18
2021,11,28,143,266,10,280,40,15,12,25,1,9
2021,11,29,129,368,14,417,48,43,27,23,11,21
2021,11,30,137,420,21,307,49,22,10,28,7,22
2021,12,1,133,458,21,437,36,26,13,31,2,17
2021,12,2,91,478,45,444,71,21,17,22,7,27
2021,12,3,114,403,13,315,49,14,9,27,3,27
2021,12,4,188,322,15,292,37,25,7,36,4,25
2021,12,5,114,448,27,369,54,20,10,28,1,9
2021,12,6,85,321,31,333,32,24,6,21,2,29
2021,12,7,163,460,25,455,77,26,15,23,13,14
2021,12,8,155,572,30,494,53,26,22,37,8,16
2021,12,9,95,525,35,385,34,50,12,47,7,19
2021,12,10,110,384,51,408,49,33,12,19,4,22
2021,12,11,157,494,12,378,51,48,15,45,6,33
2021,12,12,81,323,23,273,26,34,6,12,0,12
2021,12,13,89,314,15,304,24,19,13,20,2,11
2021,12,14,116,359,24,338,43,33,14,25,4,13
2021,12,15,109,475,25,407,56,19,17,24,10,9
2021,12,16,88,466,23,394,59,16,8,27,6,10
2021,12,17,43,285,10,257,51,20,6,44,2,15
2021,12,18,121,345,10,282,40,27,9,56,11,8
2021,12,19,52,281,17,251,26,7,9,24,3,23
2021,12,20,78,428,40,367,46,7,8,41,2,19
2021,12,21,107,496,33,418,66,35,11,29,4,9
2021,12,22,129,386,30,398,74,35,8,18,0,10
2021,12,23,99,427,36,449,85,22,16,45,3,14
2021,12,27,65,94,2,80,3,21,5,10,0,6
2021,12,28,40,215,5,131,22,7,4,9,0,13
2021,12,29,57,235,16,256,25,18,7,19,3,4
2021,12,31,38,163,12,180,22,9,8,21,1,5
2022,1,2,93,353,10,294,11,41,9,54,3,10
2022,1,3,127,694,31,484,71,39,20,36,4,37
2022,1,4,148,548,28,486,83,26,14,21,2,25
2022,1,5,94,487,21,424,49,39,14,58,11,18
2022,1,6,79,361,9,288,48,24,14,36,8,22
2022,1,7,88,283,24,278,58,16,10,25,2,6
2022,1,8,107,438,17,361,74,22,17,33,5,36
2022,1,9,146,345,7,325,55,31,13,37,5,15
2022,1,10,95,531,20,411,63,29,11,48,5,25
2022,1,11,92,437,26,362,33,24,10,37,3,33
2022,1,12,100,532,16,420,55,26,3,29,3,35
2022,1,13,116,501,29,385,46,22,12,54,9,18
2022,1,14,47,434,10,352,52,28,9,29,5,4
2022,1,15,158,432,16,399,76,28,11,48,3,22
2022,1,16,108,456,13,342,48,21,10,28,0,10
2022,1,18,121,523,27,489,76,33,18,34,6,27
2022,1,19,96,452,32,411,56,31,23,50,5,36
2022,1,20,104,428,14,392,46,29,19,39,3,19
2022,1,21,69,276,6,255,29,15,13,45,4,11
2022,1,22,82,513,22,405,91,18,7,41,10,19
2022,1,23,78,396,24,295,22,15,8,32,3,13
2022,1,24,178,443,14,351,63,33,12,29,3,31
2022,1,25,125,479,31,438,67,48,14,24,4,17
2022,1,26,100,418,7,397,69,53,11,35,3,29
2022,1,27,110,560,29,503,29,31,13,50,6,38
2022,1,28,80,409,22,356,45,31,18,27,7,15
2022,1,29,77,372,24,406,56,20,18,31,6,40
2022,1,30,58,287,9,285,32,25,6,32,1,28
2022,1,31,203,403,14,427,35,21,16,47,9,39
2022,2,1,130,496,17,467,61,12,10,24,4,38
2022,2,2,117,370,29,378,56,24,17,53,8,18
2022,2,3,138,396,19,411,54,24,16,39,1,28
2022,2,4,98,284,19,333,25,16,14,13,4,17
2022,2,5,105,401,39,449,33,26,18,36,3,36
2022,2,6,113,344,15,272,35,13,14,21,4,18
2022,2,7,131,392,24,363,76,37,18,37,5,24
2022,2,8,65,531,23,470,62,46,12,36,3,37
2022,2,9,131,359,15,365,18,35,9,41,1,53
2022,2,10,132,367,17,402,48,22,10,27,2,54
2022,2,11,86,270,11,295,32,16,14,14,5,34
2022,2,12,129,371,19,333,60,16,7,48,3,9
2022,2,13,58,321,20,340,30,26,8,15,4,25
2022,2,14,128,351,23,393,23,27,25,25,11,28
2022,2,15,122,450,9,381,46,40,12,29,1,27
2022,2,16,85,280,10,272,36,15,10,33,8,17
2022,2,17,82,483,23,393,56,26,14,36,5,37
2022,2,18,158,282,9,265,61,37,14,22,4,18
2022,2,19,76,408,22,347,49,41,5,27,4,11
2022,2,20,128,442,11,316,35,33,14,26,4,17
2022,2,22,203,536,21,517,53,27,7,46,4,44
2022,2,23,130,428,20,371,63,19,12,38,2,29
2022,2,24,88,349,24,329,51,22,14,37,8,17
2022,2,25,80,308,21,310,58,15,16,45,6,15
2022,2,26,113,365,25,314,44,25,20,33,7,20
2022,2,27,107,320,12,246,34,13,8,16,4,23
2022,2,28,82,333,19,335,42,35,5,32,1,12
2022,3,1,90,498,33,354,59,28,9,18,4,7
2022,3,2,66,284,16,249,53,14,14,29,5,10
2022,3,3,196,511,27,414,70,33,14,32,3,27
2022,3,4,67,305,8,286,66,21,20,53,8,11
2022,3,5,124,377,24,352,38,15,15,18,3,17
2022,3,6,53,293,9,206,42,6,11,13,2,17
2022,3,7,103,494,27,397,35,12,12,49,5,25
2022,3,8,181,402,21,389,41,35,23,37,5,21
2022,3,9,53,357,20,287,32,18,6,13,1,29
2022,3,10,111,393,27,368,52,12,12,26,2,27
2022,3,11,73,249,7,277,40,19,8,38,2,17
2022,3,12,79,294,16,259,43,16,14,23,1,4
2022,3,13,57,447,29,370,48,35,25,26,6,14
2022,3,14,91,324,25,328,28,35,7,23,0,16
2022,3,15,104,372,23,358,47,32,19,36,5,12
2022,3,16,79,366,14,340,49,32,24,33,2,5
2022,3,17,119,491,30,418,83,21,15,29,11,17
2022,3,18,85,353,27,269,24,17,9,25,3,20
2022,3,19,86,362,21,404,37,32,16,23,8,18
2022,3,20,97,414,16,317,54,32,13,31,4,17
2022,3,21,82,432,26,441,42,25,9,19,3,33
2022,3,22,119,435,10,363,48,8,8,26,3,35
2022,3,23,93,340,19,308,21,14,16,23,4,21
2022,3,24,131,403,33,375,51,26,18,32,8,19
2022,3,25,46,288,13,206,32,11,11,31,18,8
2022,3,26,100,367,23,341,38,40,13,20,4,30
2022,3,27,66,321,24,285,42,10,5,18,5,15
2022,3,28,88,421,16,388,56,19,20,18,3,22
2022,3,29,117,377,14,390,57,31,17,50,12,26
2022,3,30,102,363,20,326,44,28,16,24,6,17
2022,3,31,100,346,32,344,39,16,7,19,2,25
2022,4,1,66,386,29,365,51,15,7,18,1,11
2022,4,2,124,459,32,367,27,12,13,33,9,19
2022,4,3,124,394,8,329,40,31,18,23,11,21
2022,4,4,83,405,17,372,49,13,11,22,7,22
2022,4,5,150,448,19,352,56,29,11,26,2,15
2022,4,6,140,445,8,395,53,17,15,30,3,8
2022,4,7,119,460,17,409,64,25,22,38,9,12
2022,4,8,111,301,23,290,36,19,7,25,4,14
2022,4,9,120,488,30,453,61,33,24,42,10,23
2022,4,10,104,350,15,304,62,14,4,26,5,16
2022,4,11,93,383,19,383,29,34,8,26,0,20
2022,4,12,107,418,14,384,46,14,7,46,7,7
2022,4,13,99,429,18,412,37,25,23,42,7,16
2022,4,14,78,357,31,396,46,17,17,23,4,19
2022,4,15,104,403,14,364,50,28,7,21,8,14
2022,4,16,148,425,32,319,41,21,15,32,7,23
2022,4,17,24,287,9,190,31,9,4,8,3,7
2022,4,18,91,396,6,301,25,24,8,38,6,19
2022,4,19,66,437,23,383,22,34,11,27,4,11
2022,4,20,101,338,10,350,33,32,10,25,2,16
2022,4,21,129,345,20,328,38,18,9,33,2,16
2022,4,22,115,334,15,326,79,25,9,27,5,24
2022,4,23,141,483,21,411,45,24,12,28,4,21
2022,4,24,44,200,9,177,14,4,6,12,3,6
2022,4,25,67,292,10,298,31,16,16,22,7,10
2022,4,26,67,420,20,494,76,30,13,34,6,19
2022,4,27,191,514,25,489,72,20,28,68,2,28
2022,4,28,66,406,14,399,71,34,18,24,7,20
2022,4,29,70,280,2,197,44,15,10,14,2,4
2022,4,30,90,466,37,349,41,30,10,38,5,24
2022,5,1,132,250,31,267,35,11,4,19,1,16
2022,5,2,106,440,15,419,43,19,9,28,4,12
2022,5,3,123,472,21,374,68,12,17,28,1,22
2022,5,4,159,324,7,340,32,17,10,34,2,12
2022,5,5,185,341,16,348,58,7,10,23,6,25
2022,5,6,69,422,19,372,35,18,16,16,4,19
2022,5,7,130,482,14,334,31,22,16,28,3,34
2022,5,8,72,219,14,223,22,11,8,12,0,18
2022,5,9,68,378,14,343,54,12,26,27,2,21
2022,5,10,110,500,30,383,37,22,14,27,7,10
2022,5,11,125,412,17,397,41,16,17,32,13,30
2022,5,12,63,311,10,231,42,11,10,28,4,11
2022,5,13,61,387,22,384,44,29,11,23,6,24
2022,5,14,126,405,18,300,32,11,13,26,6,21
2022,5,15,87,289,27,237,24,18,5,18,0,2
2022,5,16,104,291,12,275,65,18,10,21,4,19
2022,5,17,145,504,35,353,85,28,22,22,10,25
2022,5,18,150,416,20,338,63,35,8,21,6,19
2022,5,19,109,355,16,359,54,20,7,35,5,17
2022,5,20,33,354,17,288,40,16,11,26,7,10
2022,5,21,86,342,18,331,58,9,13,29,1,20
2022,5,22,56,284,12,236,28,23,7,22,4,12
2022,5,23,126,390,23,424,73,19,10,23,3,30
2022,5,24,109,452,28,415,60,27,16,26,19,23
2022,5,25,110,454,19,400,69,23,19,45,4,28
2022,5,26,158,338,16,353,26,11,13,29,6,17
2022,5,27,71,438,22,360,31,19,19,17,4,26
2022,5,28,111,431,32,401,55,34,15,42,5,18
2022,5,29,63,284,19,294,39,21,11,42,3,23
2022,5,31,121,566,23,505,81,42,15,78,8,34
2022,6,1,136,468,19,507,72,28,16,50,8,22
2022,6,2,125,446,27,426,60,27,13,30,3,24
2022,6,3,128,309,7,324,44,24,11,16,6,18
2022,6,4,84,410,29,393,38,13,14,32,4,21
2022,6,5,51,328,8,332,37,20,11,16,2,6
2022,6,6,135,473,28,390,52,24,17,28,10,16
2022,6,7,107,451,15,383,54,12,12,38,7,23
2022,6,8,165,402,10,316,38,31,16,39,9,12
2022,6,9,78,324,46,314,67,13,14,33,5,18
2022,6,10,78,246,20,255,21,15,14,31,2,9
2022,6,11,103,424,31,388,38,36,15,36,2,16
2022,6,12,59,322,11,304,43,24,14,23,5,9
2022,6,13,87,428,21,330,55,18,5,27,2,29
2022,6,14,108,394,16,386,41,20,9,40,4,27
2022,6,15,139,422,18,406,71,25,17,52,4,18
2022,6,16,88,433,21,270,65,13,14,35,1,14
2022,6,17,61,206,9,174,43,13,5,24,0,12
2022,6,18,97,346,27,260,43,12,10,21,4,10
2022,6,19,0,1,0,0,0,0,0,0,0,0
2022,6,20,66,328,17,320,47,22,11,23,4,15
2022,6,21,116,464,36,370,55,16,14,61,8,26
2022,6,22,95,424,18,480,69,7,19,37,10,23
2022,6,23,93,445,30,366,52,40,14,33,2,14
2022,6,24,95,406,30,350,60,5,19,50,13,21
2022,6,25,89,223,21,259,27,26,15,17,8,18
2022,6,26,33,159,9,131,18,13,1,5,0,11
2022,6,27,54,261,16,250,52,33,10,36,2,16
2022,6,28,110,558,22,470,80,31,9,37,11,19
2022,6,29,89,330,17,338,41,36,20,30,2,24
2022,6,30,111,349,24,361,35,11,12,37,11,17
2022,7,1,44,309,14,195,23,17,2,16,1,14
2022,7,2,101,434,32,350,42,15,11,34,3,11
2022,7,3,32,261,11,236,24,15,7,15,1,7
2022,7,4,0,11,0,10,0,0,0,0,1,0
2022,7,5,55,338,23,303,68,18,10,20,10,11
2022,7,6,87,473,39,463,106,41,13,42,2,20
2022,7,7,107,367,30,420,35,22,10,26,1,25
2022,7,8,35,297,9,314,33,12,9,13,4,21
2022,7,9,86,265,20,251,32,6,9,26,2,20
2022,7,10,85,305,16,343,61,18,21,18,2,15
2022,7,11,73,295,8,298,27,25,9,42,4,18
2022,7,12,75,448,16,376,69,28,8,20,5,30
2022,7,13,92,451,25,393,50,14,13,16,3,11
2022,7,14,79,292,14,264,44,13,14,34,2,16
2022,7,15,41,292,22,338,50,27,20,27,3,19
2022,7,16,74,222,9,173,19,8,2,15,2,5
2022,7,17,76,223,7,238,43,26,10,16,11,20
2022,7,18,94,355,9,303,49,17,13,36,3,10
2022,7,19,98,377,12,349,41,16,11,37,4,17
2022,7,20,93,416,32,419,60,37,8,36,4,23
2022,7,21,93,273,48,310,34,16,11,31,4,18
2022,7,22,74,277,6,275,43,13,13,7,3,22
2022,7,23,63,246,16,223,45,9,8,30,6,21
2022,7,24,102,273,13,246,34,19,7,31,0,5
2022,7,25,51,235,7,220,30,12,10,32,3,12
2022,7,26,81,241,24,266,44,22,12,26,2,7
2022,7,27,40,205,4,221,51,11,8,17,2,13
2022,7,28,19,255,5,176,45,29,9,19,2,15
2022,7,29,38,255,22,220,25,18,6,16,3,6
2022,7,30,46,328,17,188,15,14,3,14,0,11
2022,7,31,63,207,16,159,22,13,3,15,8,6
2022,8,1,87,400,23,396,38,26,15,36,5,16
2022,8,2,71,411,43,458,72,21,18,33,2,35
2022,8,3,61,305,29,297,50,18,10,36,3,8
2022,8,4,145,292,21,290,61,14,8,28,2,17
2022,8,5,78,325,13,319,48,25,7,22,0,21
2022,8,6,46,324,17,302,27,9,6,9,1,25
2022,8,7,90,233,33,295,63,32,9,62,3,12
2022,8,8,73,291,13,287,28,12,11,20,7,17
2022,8,9,85,580,29,416,50,15,12,37,3,13
2022,8,10,60,364,24,346,55,20,17,28,2,14
2022,8,11,115,347,21,330,68,21,11,45,4,18
2022,8,12,41,241,6,184,39,7,12,16,3,7
2022,8,13,90,274,16,230,35,10,4,8,2,17
2022,8,14,64,319,23,338,20,8,8,33,2,17
2022,8,15,52,348,16,285,18,37,8,34,1,8
2022,8,16,106,406,29,290,19,16,12,29,4,18
2022,8,17,51,396,16,323,54,18,14,39,1,15
2022,8,18,54,332,27,282,30,16,10,34,1,17
2022,8,19,71,330,14,299,42,9,7,34,2,22
2022,8,20,85,357,22,241,35,12,8,21,2,7
2022,8,21,95,253,15,179,38,7,8,23,2,13
2022,8,22,69,414,19,317,21,25,12,37,3,20
2022,8,23,56,598,15,376,27,20,15,28,4,27
2022,8,24,157,372,10,280,47,23,16,21,10,14
2022,8,25,60,246,38,229,26,27,10,27,4,10
2022,8,26,70,355,32,308,42,16,3,15,1,26
2022,8,27,103,325,13,288,21,20,5,18,1,13
2022,8,28,45,219,7,171,17,8,3,13,2,4
2022,8,29,86,402,23,367,32,23,17,28,8,34
2022,8,30,86,338,19,323,42,14,12,38,3,16
2022,8,31,52,301,25,241,23,25,5,20,1,11
2022,9,1,105,481,22,387,46,8,7,31,3,27
2022,9,2,39,308,21,283,37,15,5,17,1,11
2022,9,3,132,314,29,281,30,24,13,30,5,21
2022,9,4,110,309,29,321,55,19,16,57,15,8
2022,9,5,0,6,0,2,0,0,1,0,0,0
2022,9,6,66,470,20,383,63,21,13,31,8,33
2022,9,7,84,402,23,419,60,16,7,42,8,18
2022,9,8,115,391,18,322,35,26,18,30,12,14
2022,9,9,84,264,15,188,34,14,7,32,4,16
2022,9,10,69,341,23,316,30,16,10,31,1,15
2022,9,11,106,317,11,278,61,11,10,25,5,9
2022,9,12,79,462,23,395,46,12,15,31,0,18
2022,9,13,50,310,11,252,38,6,7,24,8,13
2022,9,14,109,530,19,405,53,23,12,42,6,21
2022,9,15,99,395,21,309,24,20,11,29,6,19
2022,9,16,87,307,7,258,18,12,3,19,1,22
2022,9,17,61,318,5,237,51,21,10,30,4,15
2022,9,18,43,380,6,260,30,17,13,27,1,15
2022,9,19,88,434,22,380,43,23,12,26,2,29
2022,9,20,62,348,23,328,34,30,19,20,4,31
2022,9,21,56,467,33,401,47,9,11,37,9,24
2022,9,22,102,391,18,304,54,17,14,37,1,9
2022,9,23,67,281,19,302,32,19,4,24,5,13
2022,9,24,93,336,25,317,36,13,11,32,5,14
2022,9,25,105,294,17,265,49,9,5,15,1,11
2022,9,26,95,436,16,291,31,18,12,20,10,26
2022,9,27,103,415,19,373,67,15,8,21,12,18
2022,9,28,72,381,10,331,60,19,11,28,2,15
2022,9,29,109,445,14,386,38,20,13,31,4,15
2022,9,30,34,244,16,235,26,8,2,15,1,19
2022,10,1,189,368,22,349,30,14,8,39,1,14
2022,11,22,81,273,18,207,29,20,5,28,4,8
2022,11,23,117,539,32,515,64,30,9,47,2,20
2022,11,25,59,229,14,193,35,16,9,26,1,15
2022,11,26,96,404,24,323,30,14,9,28,2,17
2022,11,27,96,385,23,307,41,31,7,37,3,10
2022,11,28,112,433,23,444,51,35,5,19,3,20
2022,11,29,59,278,25,311,32,17,9,23,1,18
2022,11,30,79,344,21,230,27,21,6,30,2,14
2022,12,1,193,447,21,376,94,20,6,27,4,15
2022,12,2,97,304,26,318,38,3,8,50,4,12
2022,12,3,105,501,14,426,55,24,12,40,3,30
2022,12,4,55,339,31,271,33,22,6,57,4,15
2022,12,5,139,356,30,323,36,47,12,31,4,15
2022,12,6,139,425,22,349,52,17,10,27,3,18
2022,12,7,114,359,26,337,30,12,10,23,1,11
2022,12,8,114,404,22,292,35,10,2,48,6,20
2022,12,9,50,270,42,295,19,7,3,10,1,15
2022,12,10,148,333,21,376,46,31,9,14,6,16
2022,12,11,60,283,22,307,40,19,15,29,2,20
2022,12,12,193,477,20,440,53,17,15,25,4,13
2022,12,13,30,303,16,290,38,25,6,11,0,25
2022,12,14,202,462,26,451,56,22,15,66,8,14
2022,12,15,68,387,30,261,38,3,10,31,4,8
2022,12,16,68,363,22,358,40,9,13,28,7,19
2022,12,17,122,522,33,409,49,28,8,33,8,11
2022,12,18,85,409,35,338,33,27,9,34,5,21
2022,12,19,99,426,34,316,34,31,9,24,4,9
2022,12,20,30,212,11,159,28,4,3,29,0,7
2022,12,21,58,204,23,236,10,12,1,17,2,16
2022,12,22,58,330,18,265,35,8,7,15,6,13
2022,12,23,4,0,0,1,0,0,0,1,0,0
2022,12,24,0,2,0,0,0,0,0,0,0,0
2022,12,26,169,469,30,482,57,35,15,27,4,27
2022,12,27,86,417,29,412,47,51,22,23,4,23
2022,12,28,96,416,26,368,55,32,8,34,4,26
2022,12,29,83,338,17,279,47,15,7,27,0,23
2022,12,30,101,328,36,360,31,28,12,46,4,17
2022,12,31,102,340,26,355,68,19,22,44,7,18
2023,1,2,93,467,22,472,46,33,10,25,1,43
2023,1,3,133,510,41,418,31,22,6,47,3,18
2023,1,4,154,568,25,527,72,30,22,52,13,19
2023,1,5,98,412,42,388,50,31,8,27,1,31
2023,1,6,55,265,18,241,35,19,6,26,4,15
2023,1,7,117,433,23,397,60,24,11,33,0,16
2023,1,8,67,270,15,241,27,20,9,37,0,12
2023,1,9,71,393,28,282,52,19,6,16,5,11
2023,1,10,132,505,38,401,36,19,12,37,6,18
2023,1,11,101,602,34,458,89,35,11,71,4,17
2023,1,12,155,416,26,335,31,51,18,40,4,17
2023,1,13,81,384,24,348,35,11,8,27,2,30
2023,1,14,151,449,11,380,21,47,14,22,7,23
2023,1,15,106,416,26,382,38,13,12,34,8,14
2023,1,17,124,536,33,448,43,55,17,28,2,34
2023,1,18,95,492,16,410,48,17,17,61,8,23
2023,1,19,80,443,33,396,62,17,11,53,3,16
2023,1,20,94,275,14,266,41,50,15,10,6,4
2023,1,21,89,383,32,331,19,39,11,24,3,8
2023,1,22,133,367,18,351,36,24,10,59,2,22
2023,1,23,137,494,39,447,53,26,11,43,5,25
2023,1,24,156,296,27,318,53,32,22,53,3,5
2023,1,25,162,480,39,382,51,15,11,39,4,22
2023,1,26,77,514,39,406,69,47,13,23,2,22
2023,1,27,111,259,18,271,63,23,9,27,5,5
2023,1,28,136,523,47,439,65,52,13,41,2,21
2023,1,29,115,525,37,366,56,20,6,44,9,8
2023,1,30,90,440,21,364,64,28,4,34,2,15
2023,1,31,72,368,22,281,45,20,18,25,4,14
2023,2,1,120,488,50,427,55,18,15,43,7,22
2023,2,2,144,404,45,411,44,17,14,44,10,22
2023,2,3,77,355,20,273,33,13,16,34,4,11
2023,2,4,89,411,35,295,28,41,9,30,1,8
2023,2,5,102,336,27,305,39,14,7,26,2,36
2023,2,6,83,411,34,378,57,27,11,25,3,19
2023,2,7,161,386,22,397,47,18,21,20,3,12
2023,2,8,118,482,22,360,45,32,11,37,1,21
2023,2,9,58,357,20,367,23,22,20,21,14,34
2023,2,10,69,342,23,293,53,15,10,21,4,14
2023,2,11,85,403,27,348,44,17,8,22,4,18
2023,2,12,66,285,21,238,24,18,7,26,6,4
2023,2,13,115,347,33,318,35,9,14,39,2,12
2023,2,14,103,381,16,356,66,45,14,17,4,8
2023,2,15,126,405,17,380,95,28,9,34,5,21
2023,2,16,125,434,19,353,40,27,6,44,5,26
2023,2,17,91,364,21,316,26,13,11,36,3,14
2023,2,18,60,397,23,312,44,6,10,26,7,26
2023,2,19,122,448,28,399,48,17,8,41,3,15
2023,2,20,0,0,0,0,0,0,0,0,0,0
2023,2,21,124,432,29,432,86,51,12,45,6,20
2023,2,22,96,469,26,411,62,29,15,49,3,30
2023,2,23,95,382,23,360,58,20,8,49,4,7
2023,2,24,86,297,32,253,59,49,8,25,4,36
2023,2,25,165,464,39,433,43,26,19,63,7,4
2023,2,26,98,339,19,235,66,19,11,50,5,7
2023,2,27,163,385,20,328,52,34,10,23,7,10
2023,2,28,78,382,26,361,55,31,11,29,2,8
2023,3,1,58,336,13,300,27,16,8,36,1,12
2023,3,2,110,364,24,402,78,17,20,24,3,9
2023,3,3,48,295,21,256,41,7,8,19,2,20
2023,3,4,65,363,36,427,59,22,13,29,1,27
2023,3,5,108,317,21,299,27,13,10,25,1,19
2023,3,6,105,512,19,448,45,30,14,55,6,32
2023,3,7,134,306,6,336,46,62,10,31,3,17
2023,3,8,119,425,22,387,79,28,19,18,4,33
2023,3,9,115,408,46,380,28,30,10,18,5,9
2023,3,10,102,256,26,249,39,22,4,14,1,18
2023,3,11,115,491,35,437,81,27,16,40,3,11
2023,3,12,161,393,28,344,45,63,6,37,1,12
2023,3,13,112,468,28,344,95,28,8,40,3,9
2023,3,14,129,399,29,345,34,8,11,53,5,25
2023,3,15,113,430,29,453,68,13,16,35,2,20
2023,3,16,106,405,33,398,48,20,12,33,9,22
2023,3,17,55,309,22,282,29,11,11,32,2,10
2023,3,18,95,300,12,256,37,26,7,38,2,17
2023,3,19,89,268,21,233,18,12,5,23,2,13
2023,3,20,74,370,21,307,43,20,6,7,0,16
2023,3,21,60,431,26,400,42,32,8,52,7,22
2023,3,23,123,464,18,433,47,37,16,31,0,32
2023,3,24,94,370,13,285,47,13,10,26,2,17
2023,3,25,110,379,24,333,46,21,11,14,3,7
2023,3,26,120,440,18,316,31,9,7,21,4,24
2023,3,27,109,413,26,344,49,41,6,19,1,14
2023,3,28,114,338,29,332,42,15,13,36,3,19
2023,3,29,75,326,11,273,61,23,10,34,1,17
2023,3,30,132,375,28,328,36,7,6,35,3,14
2023,3,31,73,356,19,367,48,76,10,27,2,15
2023,4,1,142,443,34,379,23,27,13,20,3,15
2023,4,2,73,361,40,324,21,27,4,19,6,14
2023,4,3,95,398,27,375,77,16,13,27,3,13
2023,4,4,127,460,59,473,46,39,15,37,4,23
2023,4,5,91,384,21,391,59,17,11,18,4,23
2023,4,6,121,341,30,305,31,30,8,22,0,11
2023,4,7,97,335,15,284,45,18,3,19,2,13
2023,4,8,98,336,25,289,99,17,15,23,3,12
2023,4,9,52,264,17,181,18,11,4,30,2,12
2023,4,10,67,408,13,350,25,20,9,28,3,14
2023,4,11,124,476,45,443,42,14,8,37,3,26
2023,4,12,85,372,41,360,38,28,7,31,13,16
2023,4,13,104,393,29,342,31,29,13,49,11,12
2023,4,14,156,374,17,380,32,17,6,41,1,15
2023,4,15,83,403,29,319,63,25,4,32,7,9
2023,4,16,55,375,24,252,42,21,7,23,5,15
2023,4,17,52,235,34,266,41,4,11,27,2,8
2023,4,18,112,328,15,332,36,31,4,44,7,16
2023,4,19,134,339,25,348,36,28,12,58,4,21
2023,4,20,92,347,15,356,70,15,15,58,4,7
2023,4,21,71,400,18,337,39,22,9,22,0,10
2023,4,22,52,313,17,295,33,19,7,10,0,12
2023,4,23,74,350,39,393,43,21,8,39,2,16
2023,4,24,73,311,28,331,37,19,7,22,1,16
2023,4,25,122,388,22,359,42,25,15,35,8,9
2023,4,26,158,418,14,437,57,13,18,37,7,19
2023,4,27,127,337,38,339,42,54,2,15,4,18
2023,4,28,71,315,17,303,19,24,9,29,8,7
2023,4,29,76,355,64,347,41,25,11,15,2,21
2023,4,30,62,376,19,298,41,22,8,46,1,11
2023,5,1,88,383,17,299,35,18,9,13,2,12
2023,5,2,73,300,27,325,40,8,11,56,9,38
2023,5,3,74,391,29,383,31,41,5,20,4,36
2023,5,4,115,351,38,263,43,21,8,34,3,10
2023,5,5,77,383,29,365,58,15,9,37,5,24
2023,5,6,87,406,23,315,43,18,8,32,1,18
2023,5,7,130,327,12,309,37,12,10,26,5,12
2023,5,8,71,289,29,280,35,12,6,21,3,14
2023,5,9,107,389,26,329,41,10,7,29,5,27
2023,5,10,100,376,25,340,39,11,4,24,5,20
2023,5,11,66,392,20,306,39,21,5,15,2,30
2023,5,12,83,386,16,345,43,10,12,20,4,21
2023,5,13,64,321,17,297,40,22,7,20,4,16
2023,5,14,83,213,14,263,22,17,7,10,5,29
2023,5,15,38,213,11,234,28,30,9,29,1,21
2023,5,16,93,270,23,316,39,22,9,40,1,12
2023,5,17,99,282,16,264,38,29,6,27,1,22
2023,5,18,89,384,14,286,36,13,8,32,1,19
2023,5,19,108,293,13,237,21,14,12,33,3,6
2023,5,20,156,331,18,338,16,14,13,21,5,18
2023,5,21,61,189,13,212,21,14,6,10,0,8
2023,5,22,41,256,9,279,37,16,4,19,4,24
2023,5,23,73,281,16,290,48,15,5,20,1,8
2023,5,24,121,347,31,374,53,17,16,36,4,26
2023,5,25,56,292,15,303,43,8,9,24,6,32
2023,5,26,94,467,32,356,27,8,5,37,3,29
2023,5,27,82,344,26,284,49,10,12,25,5,20
2023,5,28,46,259,21,244,37,10,7,19,2,28
2023,5,29,0,2,0,0,0,0,0,0,0,0
2023,5,30,93,282,14,274,26,17,3,23,0,26
2023,5,31,153,359,33,402,25,27,18,25,2,47
2023,6,1,98,326,29,310,38,10,4,20,2,26
2023,6,2,64,278,27,305,46,9,10,20,4,20
2023,6,3,151,488,19,437,57,45,10,34,3,46
2023,6,4,85,251,14,215,39,5,4,29,1,8
2023,6,5,74,265,13,264,18,16,7,26,3,13
2023,6,6,92,358,22,381,27,21,9,32,1,29
2023,6,7,91,499,19,430,79,18,8,53,3,40
2023,6,8,88,363,14,357,33,31,9,33,2,40
2023,6,9,125,418,19,280,36,17,2,26,0,18
2023,6,10,73,389,26,312,52,18,10,31,3,40
2023,6,11,73,256,11,178,20,11,5,15,0,13
2023,6,12,71,234,13,267,30,33,5,11,4,10
2023,6,13,83,336,18,302,38,19,12,35,1,18
2023,6,14,63,400,22,339,44,14,8,34,3,20
2023,6,15,57,370,40,336,57,9,9,38,6,28
2023,6,16,71,336,16,324,40,21,7,22,1,11
2023,6,17,105,398,20,289,39,17,9,15,4,17
2023,6,18,65,194,14,176,33,20,9,21,6,6
2023,6,20,91,436,22,421,47,15,7,21,4,26
2023,6,21,83,373,13,365,44,20,11,28,2,46
2023,6,22,92,304,17,291,59,25,6,22,3,19
2023,6,23,97,281,12,200,37,18,8,21,6,18
2023,6,24,96,312,16,260,67,35,6,26,2,13
2023,6,25,82,210,20,190,33,5,9,13,2,16
2023,6,26,38,215,5,211,33,21,2,6,1,11
2023,6,27,55,306,10,256,57,13,5,21,6,32
2023,6,28,97,439,28,426,39,37,18,35,4,25
2023,6,29,116,317,11,311,44,53,11,25,5,33
2023,6,30,97,287,19,310,47,25,9,20,0,26
2023,7,1,95,321,20,326,44,17,13,29,2,21
2023,7,2,63,236,14,229,24,9,9,11,3,19
2023,7,3,34,262,24,257,30,25,7,21,1,15
2023,7,4,0,4,0,2,0,0,0,3,0,0
2023,7,5,141,443,10,360,41,31,11,21,3,47
2023,7,6,92,369,24,414,61,11,9,24,3,14
2023,7,7,64,327,16,371,30,16,4,22,0,35
2023,7,8,65,392,21,358,29,12,13,20,4,18
2023,7,9,55,271,9,219,25,19,7,27,4,21
2023,7,10,124,284,15,321,26,46,7,29,4,15
2023,7,11,88,353,37,393,40,37,9,21,4,8
2023,7,12,62,299,41,292,50,15,6,24,2,18
2023,7,13,57,349,10,316,38,22,11,37,1,18
2023,7,14,43,229,31,204,40,20,10,12,1,21
2023,7,15,109,255,19,286,20,18,10,20,3,31
2023,7,16,54,202,8,187,15,10,4,15,3,32
2023,7,17,39,244,17,275,52,11,4,19,4,24
2023,7,18,71,321,12,325,33,28,17,31,7,19
2023,7,19,125,321,14,374,37,32,12,27,3,25
2023,7,20,53,315,21,373,35,16,13,10,5,22
2023,7,21,58,399,15,339,64,25,7,37,2,21
2023,7,22,99,324,18,340,47,7,11,40,3,26
2023,7,23,57,310,15,241,28,11,10,19,2,31
2023,7,24,49,243,25,301,30,12,7,25,5,48
2023,7,25,86,362,16,330,44,12,8,30,2,19
2023,7,26,65,402,21,354,51,10,7,33,9,43
2023,7,27,51,316,20,300,34,12,8,10,2,21
2023,7,28,58,295,21,264,40,30,7,20,2,21
2023,7,29,104,428,16,362,50,19,11,28,3,22
2023,7,30,52,203,8,201,12,12,10,13,1,29
2023,7,31,107,293,12,221,15,17,4,29,2,11
2023,8,1,60,262,25,323,21,17,16,22,2,15
2023,8,2,76,221,23,238,24,10,8,8,4,27
2023,8,3,60,281,11,236,46,18,7,21,2,13
2023,8,4,91,286,25,301,33,27,13,14,5,27
2023,8,5,80,449,15,356,45,26,9,21,2,23
2023,8,6,59,256,22,261,45,10,3,15,7,15
2023,8,7,44,277,10,271,87,32,4,21,3,10
2023,8,8,103,318,29,311,92,6,17,24,4,21
2023,8,9,57,335,20,310,112,14,8,32,1,27
2023,8,10,70,414,9,340,47,23,3,19,2,14
2023,8,11,96,473,27,414,50,31,9,34,8,22
2023,8,12,79,336,9,274,37,14,8,18,6,38
2023,8,13,29,184,10,186,78,12,9,13,2,7
2023,8,14,41,296,11,238,29,4,9,38,4,7
2023,8,15,97,311,29,275,28,20,11,30,7,20
2023,8,16,88,339,15,365,39,24,6,20,2,23
2023,8,17,118,302,17,299,32,12,12,32,5,25
2023,8,18,100,429,19,389,39,36,8,52,3,29
2023,8,19,69,377,8,306,47,15,2,28,0,10
2023,8,20,61,317,7,229,44,20,4,8,2,19
2023,8,21,152,344,15,318,52,31,7,25,1,35
2023,8,22,87,473,12,360,40,20,9,22,7,39
2023,8,23,70,333,8,317,62,18,9,22,5,30
2023,8,24,57,327,51,421,47,7,13,32,4,25
2023,8,25,100,471,14,392,47,20,10,32,15,23
2023,8,26,44,294,6,257,37,13,5,8,2,16
2023,8,27,69,340,6,206,23,18,1,25,2,18
2023,8,28,91,296,20,324,33,16,9,23,6,28
2023,8,29,81,457,28,369,57,9,7,19,2,32
2023,8,30,106,443,16,477,57,25,9,38,6,33
2023,8,31,58,383,14,310,34,19,10,25,3,16
2023,9,1,65,350,15,287,25,30,10,28,4,16
2023,9,2,36,236,7,217,37,18,7,11,0,15
2023,9,3,49,283,14,234,28,6,6,17,0,14
2023,9,4,0,1,0,0,1,0,0,0,0,0
2023,9,5,138,293,28,328,43,20,7,29,3,16
2023,9,6,71,344,24,318,51,21,8,31,2,9
2023,9,7,72,510,15,378,51,17,7,21,2,24
2023,9,8,63,355,16,309,54,22,8,25,3,23
2023,9,9,85,298,23,296,24,39,13,17,7,12
2023,9,10,74,265,24,290,47,22,13,28,3,13
2023,9,11,52,407,20,255,23,18,6,21,3,10
2023,9,12,58,259,9,208,38,7,6,15,2,11
2023,9,13,102,371,15,316,48,4,7,21,7,14
2023,9,14,91,343,25,337,35,29,12,19,4,11
2023,9,15,100,418,18,388,47,46,8,27,4,16
2023,9,16,88,413,36,367,35,20,6,32,2,19
2023,9,17,70,275,8,240,24,11,6,15,2,14
2023,9,18,62,220,13,205,30,18,5,51,2,19
2023,9,19,47,330,11,296,43,21,4,31,1,13
2023,9,20,92,367,25,363,54,26,10,27,2,24
2023,9,21,57,353,15,286,38,19,4,19,1,20
2023,9,22,41,346,15,306,53,17,13,15,1,14
2023,9,23,51,357,23,351,46,17,14,19,5,7
2023,9,24,91,335,18,329,27,27,8,24,1,31
2023,9,25,34,260,8,226,32,13,9,20,4,12
2023,9,26,98,210,14,237,50,7,7,4,2,20
2023,9,27,69,359,9,265,34,25,14,28,4,16
2023,9,28,61,355,7,319,44,10,10,33,4,30
2023,9,29,79,333,8,292,37,11,5,11,3,26
2023,9,30,124,415,5,325,40,16,4,47,3,23
2023,10,1,84,300,12,300,15,14,14,30,3,10
2023,10,2,57,333,6,223,24,25,6,33,2,6
2023,10,3,121,339,10,309,35,9,4,21,1,5
2023,10,4,45,319,16,289,41,6,10,25,1,24
2023,10,5,75,336,14,280,23,18,12,29,5,8
2023,10,6,88,310,32,279,23,24,6,27,2,20
2023,10,7,39,361,29,262,27,15,4,21,2,7
2023,10,8,71,296,14,263,44,10,4,5,2,12
2023,10,9,0,0,0,2,0,0,0,0,0,0
2023,10,10,127,404,23,342,34,35,13,43,5,14
2023,10,11,73,340,10,285,31,9,9,20,3,7
2023,10,12,44,294,11,272,25,28,14,21,1,8
2023,10,13,66,397,12,346,41,17,5,39,6,22
2023,10,14,84,348,26,327,55,15,3,38,3,17
2023,10,15,83,287,38,280,32,22,8,24,1,18
2023,10,16,112,274,17,258,26,14,13,23,0,14
2023,10,17,50,324,14,372,47,51,9,19,2,11
2023,10,18,56,350,18,313,44,16,4,24,4,9
2023,10,19,60,257,12,248,40,27,5,14,7,11
2023,10,20,73,405,13,309,73,18,13,19,3,8
2023,10,21,52,373,13,329,42,8,6,24,4,32
2023,10,22,41,235,15,248,21,20,6,11,3,11
2023,10,23,29,247,10,227,37,10,8,18,5,35
2023,10,24,83,239,13,202,37,13,5,19,3,30
2023,10,25,84,459,16,420,54,20,16,39,4,11
2023,10,26,53,290,19,298,39,19,10,43,1,16
2023,10,27,31,288,30,260,28,22,12,23,1,17
2023,10,28,54,370,23,327,36,21,13,31,4,9
2023,10,29,73,184,23,200,28,12,3,31,5,18
2023,10,30,92,321,14,257,44,9,12,13,2,7
2023,10,31,37,259,20,223,30,17,3,24,1,9
2023,11,1,52,344,16,281,38,11,11,23,3,13
2023,11,2,83,266,28,248,25,18,5,25,3,14
2023,11,3,101,342,9,324,48,11,14,44,5,22
2023,11,4,77,291,33,312,21,20,10,41,6,10
2023,11,5,66,231,12,223,33,16,5,22,2,16
2023,11,6,127,192,6,208,29,11,5,14,3,7
2023,11,7,103,322,14,329,38,40,6,31,3,23
2023,11,8,79,418,23,311,51,11,6,6,6,11
2023,11,9,62,243,20,276,35,19,13,25,2,16
2023,11,10,87,328,40,362,48,15,8,31,4,23
2023,11,11,0,0,1,0,0,0,0,0,0,0
2023,11,12,39,337,19,324,48,24,12,27,4,17
2023,11,13,84,226,6,204,40,7,1,9,6,17
2023,11,14,87,407,23,362,45,22,5,21,0,15
2023,11,15,99,284,13,290,46,35,11,34,3,13
2023,11,16,90,341,27,328,51,13,11,33,3,18
2023,11,17,115,286,17,301,51,17,6,28,6,17
2023,11,18,80,302,22,311,43,18,8,21,13,21
2023,11,19,38,326,12,247,42,18,6,29,4,21
2023,11,20,67,238,14,220,28,9,6,17,1,4
2023,11,21,173,515,27,417,58,36,10,37,5,14
2023,11,22,125,441,27,440,50,41,15,20,9,25
2023,11,23,0,9,1,1,0,0,0,0,0,0
2023,11,24,75,301,21,242,33,5,6,15,2,9
2023,11,25,53,387,14,351,49,16,12,15,10,12
2023,11,26,113,323,16,324,30,24,5,18,8,16
2023,11,27,75,252,6,211,30,4,7,31,3,16
2023,11,28,122,393,20,385,40,26,12,37,7,29
2023,11,29,87,420,23,445,37,23,21,30,13,26
2023,11,30,90,323,14,251,44,19,5,30,1,13
2023,12,1,78,420,19,384,47,20,14,29,5,9
2023,12,2,96,407,11,362,39,26,7,25,3,16
2023,12,3,63,336,8,293,56,24,11,26,2,19
2023,12,4,48,215,6,181,27,5,5,18,3,8
2023,12,5,61,254,11,301,35,30,6,43,11,17
2023,12,6,76,422,16,374,75,25,17,28,9,19
2023,12,7,110,296,22,259,39,22,8,22,5,7
2023,12,8,70,342,39,340,42,26,9,31,7,11
2023,12,9,85,350,10,308,36,14,17,23,5,30
2023,12,10,70,254,10,229,38,13,5,33,1,10
2023,12,11,56,272,9,250,32,9,6,29,3,14
2023,12,12,11,11,0,8,0,0,0,0,0,0
